date,petrol_sales_L,petrol_evap_L,super_petrol_sales_L,super_petrol_evap_L,diesel_sales_L,diesel_evap_L,super_diesel_sales_L,super_diesel_evap_L,total_sales_L,total_evap_L
2025-04-01,2356.843,2.0155,150.569,0.1472,4100.821,0.3131,41.539,0.0028,6649.772,2.4786
2025-04-02,2213.42,1.8929,101.392,0.0991,2890.9,0.2207,95.321,0.0064,5301.033,2.2191
2025-04-03,2430.432,2.0785,95.852,0.0937,2170.393,0.1657,136.879,0.0092,4833.556,2.3471
2025-04-04,2300.022,1.9669,90.848,0.0888,2836.253,0.2166,30.212,0.002,5257.335,2.2743
2025-04-05,3132.529,2.6789,84.213,0.0823,2721.611,0.2078,0.0,0.0,5938.353,2.969
2025-04-06,2656.792,2.272,34.425,0.0336,1958.916,0.1496,0.0,0.0,4650.133,2.4552
2025-04-07,2554.212,2.1843,84.488,0.0826,3279.466,0.2504,48.34,0.0032,5966.506,2.5205
2025-04-08,2499.68,2.1377,75.447,0.0737,2911.719,0.2223,35.211,0.0024,5522.057,2.4361
2025-04-09,2488.637,2.1282,67.58,0.066,3344.498,0.2554,116.411,0.0078,6017.126,2.4574
2025-04-10,2798.959,2.3936,35.567,0.0348,2236.741,0.1708,188.64,0.0127,5259.907,2.6119
2025-04-11,3982.427,3.4057,58.23,0.0569,2703.796,0.2065,145.021,0.0097,6889.474,3.6788
2025-04-12,4277.234,3.6578,122.3,0.1195,2017.646,0.1541,200.452,0.0135,6617.632,3.9449
2025-04-13,3478.327,2.9746,90.475,0.0884,1717.945,0.1312,74.025,0.005,5360.772,3.1992
2025-04-14,1248.194,1.0674,198.062,0.1936,622.537,0.0475,128.073,0.0086,2196.866,1.3171
2025-04-15,2373.924,2.0301,88.281,0.0863,1602.459,0.1224,182.412,0.0123,4247.076,2.2511
2025-04-16,2346.913,2.007,124.636,0.1218,1426.237,0.1089,47.738,0.0032,3945.524,2.2409
2025-04-17,2550.524,2.1812,110.747,0.1082,1890.979,0.1444,277.33,0.0186,4829.58,2.4524
2025-04-18,2757.123,2.3579,62.883,0.0615,1691.665,0.1292,75.528,0.0051,4587.199,2.5537
2025-04-19,2438.143,2.0851,30.76,0.0301,1723.194,0.1316,154.698,0.0104,4346.795,2.2572
2025-04-20,2419.292,2.0689,166.513,0.1627,1900.098,0.1451,96.13,0.0065,4582.033,2.3832
2025-04-21,2250.873,1.9249,16.7,0.0163,2108.345,0.161,298.251,0.02,4674.169,2.1222
2025-04-22,2277.718,1.9479,91.418,0.0893,2338.634,0.1786,45.923,0.0031,4753.693,2.2189
2025-04-23,2418.338,2.0681,80.885,0.0791,3031.81,0.2315,135.044,0.0091,5666.077,2.3878
2025-04-24,2303.824,1.9702,110.379,0.1079,2747.057,0.2098,75.529,0.0051,5236.789,2.293
2025-04-25,2315.68,1.9803,79.437,0.0776,2666.532,0.2036,151.057,0.0101,5212.706,2.2716
2025-04-26,2704.146,2.3125,26.17,0.0256,2178.681,0.1664,199.547,0.0134,5108.544,2.5179
2025-04-27,2423.453,2.0725,101.338,0.099,1575.374,0.1203,152.084,0.0102,4252.249,2.302
2025-04-28,2461.05,2.1047,129.92,0.127,2952.417,0.2254,115.239,0.0077,5658.626,2.4648
2025-04-29,2280.172,1.95,63.711,0.0623,2446.73,0.1868,179.848,0.0121,4970.461,2.2112
2025-04-30,2404.365,2.0562,67.032,0.0655,2655.859,0.2028,66.466,0.0045,5193.722,2.329
2025-05-01,2517.46,1.9439,19.499,0.0172,2762.072,0.1904,50.77,0.0031,5349.801,2.1546
2025-05-02,2358.962,1.8215,137.221,0.1211,2404.482,0.1658,66.455,0.004,4967.12,2.1124
2025-05-03,2866.423,2.2134,16.129,0.0142,2851.389,0.1966,124.017,0.0075,5857.958,2.4317
2025-05-04,2285.264,1.7646,138.552,0.1223,1784.284,0.123,102.157,0.0062,4310.257,2.0161
2025-05-05,2515.837,1.9427,110.258,0.0973,2083.953,0.1437,189.847,0.0115,4899.895,2.1952
2025-05-06,2296.946,1.7736,10.411,0.0092,1910.367,0.1317,76.924,0.0047,4294.648,1.9192
2025-05-07,1954.274,1.509,71.325,0.0629,2655.077,0.1831,170.922,0.0104,4851.598,1.7654
2025-05-08,1971.934,1.5227,89.542,0.079,2610.604,0.18,50.791,0.0031,4722.871,1.7848
2025-05-09,2421.277,1.8696,62.611,0.0553,2389.956,0.1648,232.956,0.0141,5106.8,2.1038
2025-05-10,2751.733,2.1248,151.772,0.1339,2532.507,0.1746,9.231,0.0006,5445.243,2.4339
2025-05-11,3140.862,2.4253,10.264,0.0091,1952.165,0.1346,176.94,0.0107,5280.231,2.5797
2025-05-12,4242.094,3.2756,120.888,0.1067,2220.967,0.1531,314.83,0.0191,6898.779,3.5545
2025-05-13,2897.352,2.2373,48.224,0.0426,2548.521,0.1757,55.385,0.0034,5549.482,2.459
2025-05-14,2598.077,2.0062,121.666,0.1074,2954.18,0.2037,143.076,0.0087,5816.999,2.326
2025-05-15,2379.234,1.8372,80.653,0.0712,2920.89,0.2014,66.155,0.004,5446.932,2.1138
2025-05-16,2596.872,2.0052,78.394,0.0692,2393.853,0.165,102.371,0.0062,5171.49,2.2456
2025-05-17,2215.262,1.7106,150.742,0.133,2052.781,0.1415,193.855,0.0118,4612.64,1.9969
2025-05-18,2523.875,1.9489,85.839,0.0758,1975.42,0.1362,164.862,0.01,4749.996,2.1709
2025-05-19,2493.946,1.9258,101.525,0.0896,2313.575,0.1595,86.725,0.0053,4995.771,2.1802
2025-05-20,2215.384,1.7107,101.176,0.0893,2207.172,0.1522,82.461,0.005,4606.193,1.9572
2025-05-21,2404.992,1.8571,49.861,0.044,2800.059,0.193,129.695,0.0079,5384.607,2.102
2025-05-22,2344.626,1.8105,29.478,0.026,1982.637,0.1367,163.012,0.0099,4519.753,1.9831
2025-05-23,2364.188,1.8256,12.898,0.0114,2384.44,0.1644,167.927,0.0102,4929.453,2.0116
2025-05-24,2706.524,2.0899,155.428,0.1372,2402.147,0.1656,104.615,0.0063,5368.714,2.399
2025-05-25,2456.745,1.897,0.0,0.0,1683.203,0.116,113.849,0.0069,4253.797,2.0199
2025-05-26,2119.499,1.6366,67.158,0.0593,2297.349,0.1584,6.154,0.0004,4490.16,1.8547
2025-05-27,2217.956,1.7126,91.1,0.0804,2605.679,0.1796,100.12,0.0061,5014.855,1.9787
2025-05-28,2433.172,1.8788,88.039,0.0777,1972.433,0.136,0.0,0.0,4493.644,2.0925
2025-05-29,2277.016,1.7582,79.478,0.0701,1843.756,0.1271,0.0,0.0,4200.25,1.9554
2025-05-30,2101.663,1.6228,10.264,0.0091,2309.3,0.1592,0.0,0.0,4421.227,1.7911
2025-05-31,2601.463,2.0088,75.368,0.0665,1576.005,0.1087,0.0,0.0,4252.836,2.184
2025-06-01,2601.161,1.7915,57.79,0.0455,2677.241,0.1646,0.0,0.0,5336.192,2.0016
2025-06-02,2850.294,1.9631,83.418,0.0657,2339.152,0.1438,0.0,0.0,5272.864,2.1726
2025-06-03,2273.842,1.566,143.993,0.1133,2417.655,0.1487,0.0,0.0,4835.49,1.828
2025-06-04,2355.238,1.6221,71.202,0.056,2899.03,0.1783,114.927,0.0062,5440.397,1.8626
2025-06-05,2257.032,1.5545,136.805,0.1077,3253.252,0.2001,76.924,0.0042,5724.013,1.8665
2025-06-06,2386.573,1.6437,0.0,0.0,2832.646,0.1742,0.0,0.0,5219.219,1.8179
2025-06-07,2823.606,1.9447,0.0,0.0,3420.675,0.2103,378.813,0.0205,6623.094,2.1755
2025-06-08,2674.583,1.842,0.0,0.0,2672.275,0.1643,262.921,0.0142,5609.779,2.0205
2025-06-09,3338.012,2.299,0.0,0.0,3099.223,0.1906,257.915,0.014,6695.15,2.5036
2025-06-10,4620.79,3.1824,0.0,0.0,2995.162,0.1842,241.547,0.0131,7857.499,3.3797
2025-06-11,2854.82,1.9662,0.0,0.0,3254.331,0.2001,76.924,0.0042,6186.075,2.1705
2025-06-12,2662.357,1.8336,0.0,0.0,3319.259,0.2041,83.692,0.0045,6065.308,2.0422
2025-06-13,2511.109,1.7295,0.0,0.0,2666.499,0.164,197.513,0.0107,5375.121,1.9042
2025-06-14,2320.648,1.5983,0.0,0.0,2174.367,0.1337,53.852,0.0029,4548.867,1.7349
2025-06-15,2766.74,1.9055,0.0,0.0,2449.8,0.1506,126.161,0.0068,5342.701,2.0629
2025-06-16,2349.384,1.6181,0.0,0.0,2313.76,0.1423,190.004,0.0103,4853.148,1.7707
2025-06-17,2521.236,1.7364,0.0,0.0,3429.745,0.2109,79.517,0.0043,6030.498,1.9516
2025-06-18,3392.22,2.3363,0.0,0.0,5039.263,0.3099,269.678,0.0146,8701.161,2.6608
2025-06-19,2571.017,1.7707,0.0,0.0,4229.402,0.2601,79.39,0.0043,6879.809,2.0351
2025-06-20,2507.213,1.7268,0.0,0.0,3033.573,0.1865,301.825,0.0163,5842.611,1.9296
2025-06-21,2882.798,1.9854,0.0,0.0,2859.264,0.1758,216.243,0.0117,5958.305,2.1729
2025-06-22,2973.684,2.048,0.0,0.0,3174.246,0.1952,157.769,0.0085,6305.699,2.2517
2025-06-23,4273.675,2.9434,0.0,0.0,7690.697,0.4729,544.62,0.0295,12508.992,3.4458
2025-06-24,6323.281,4.355,0.0,0.0,8985.51,0.5525,233.075,0.0126,15541.866,4.9201
2025-06-25,3548.043,2.4436,0.0,0.0,4949.642,0.3044,325.539,0.0176,8823.224,2.7656
2025-06-26,2032.726,1.4,0.0,0.0,2452.38,0.1508,23.075,0.0012,4508.181,1.552
2025-06-27,1844.862,1.2706,145.381,0.1144,2697.683,0.1659,290.777,0.0157,4978.703,1.5666
2025-06-28,2406.605,1.6575,83.728,0.0659,2147.965,0.1321,173.538,0.0094,4811.836,1.8649
2025-06-29,2307.547,1.5893,165.568,0.1303,2387.902,0.1468,80.616,0.0044,4941.633,1.8708
2025-06-30,1929.363,1.3288,197.799,0.1557,2395.987,0.1473,123.852,0.0067,4647.001,1.6385
2025-07-01,2218.896,1.4838,0.0,0.0,2472.361,0.1476,104.31,0.0055,4795.567,1.6369
2025-07-02,1995.284,1.3343,122.06,0.0933,2550.364,0.1523,154.768,0.0081,4822.476,1.588
2025-07-03,2118.129,1.4165,99.125,0.0758,3273.072,0.1954,49.385,0.0026,5539.711,1.6903
2025-07-04,2187.681,1.463,197.799,0.1512,3398.189,0.2029,136.001,0.0071,5919.67,1.8242
2025-07-05,2444.393,1.6346,45.883,0.0351,2813.872,0.168,112.889,0.0059,5417.037,1.8436
2025-07-06,2338.793,1.564,146.155,0.1117,1810.137,0.1081,201.922,0.0106,4497.007,1.7944
2025-07-07,2355.967,1.5755,278.594,0.2129,2945.014,0.1758,110.767,0.0058,5690.342,1.97
2025-07-08,2416.83,1.6162,97.127,0.0742,3150.702,0.1881,104.614,0.0055,5769.273,1.884
2025-07-09,2824.746,1.889,39.01,0.0298,3090.652,0.1845,193.978,0.0102,6148.386,2.1135
2025-07-10,3235.833,2.1639,97.72,0.0747,2427.788,0.145,155.751,0.0082,5917.092,2.3918
2025-07-11,2604.95,1.742,111.724,0.0854,2848.643,0.1701,41.835,0.0022,5607.152,1.9997
2025-07-12,2627.057,1.7568,43.718,0.0334,3071.28,0.1834,149.847,0.0079,5891.902,1.9815
2025-07-13,2445.039,1.6351,88.692,0.0678,2422.715,0.1447,186.765,0.0098,5143.211,1.8574
2025-07-14,3283.1,2.1955,131.677,0.1006,3400.39,0.203,83.997,0.0044,6899.164,2.5035
2025-07-15,2240.551,1.4983,19.208,0.0147,3962.726,0.2366,0.0,0.0,6222.485,1.7496
2025-07-16,2271.762,1.5192,42.526,0.0325,2720.221,0.1624,4.918,0.0003,5039.427,1.7144
2025-07-17,2407.91,1.6102,84.631,0.0647,3632.752,0.2169,77.386,0.0041,6202.679,1.8959
2025-07-18,2226.143,1.4887,5.865,0.0045,3800.487,0.2269,113.85,0.006,6146.345,1.7261
2025-07-19,2787.822,1.8643,98.239,0.0751,2863.964,0.171,199.227,0.0105,5949.252,2.1209
2025-07-20,2513.087,1.6806,20.528,0.0157,2699.78,0.1612,80.001,0.0042,5313.396,1.8617
2025-07-21,2544.102,1.7013,90.985,0.0695,2894.799,0.1728,97.537,0.0051,5627.423,1.9487
2025-07-22,2366.145,1.5823,85.925,0.0657,2664.538,0.1591,208.92,0.011,5325.528,1.8181
2025-07-23,2251.24,1.5055,70.384,0.0538,2722.172,0.1625,61.539,0.0032,5105.335,1.725
2025-07-24,2308.5,1.5438,114.209,0.0873,3014.439,0.18,161.557,0.0085,5598.705,1.8196
2025-07-25,2400.486,1.6053,155.577,0.1189,3346.723,0.1998,278.472,0.0146,6181.258,1.9386
2025-07-26,2572.527,1.7203,107.474,0.0821,3118.953,0.1862,76.924,0.004,5875.878,1.9926
2025-07-27,2626.202,1.7562,110.926,0.0848,2654.487,0.1585,125.537,0.0066,5517.152,2.0061
2025-07-28,2299.325,1.5376,43.544,0.0333,2940.474,0.1756,113.847,0.006,5397.19,1.7525
2025-07-29,2263.607,1.5137,84.345,0.0645,3575.208,0.2135,61.539,0.0032,5984.699,1.7949
2025-07-30,2257.771,1.5098,48.897,0.0374,2778.124,0.1659,61.539,0.0032,5146.331,1.7163
2025-07-31,2175.571,1.4549,85.937,0.0657,2502.457,0.1494,80.001,0.0042,4843.966,1.6742
2025-08-01,2448.649,1.631,77.999,0.0594,3370.534,0.2005,98.162,0.0051,5995.344,1.896
2025-08-02,2757.829,1.837,45.894,0.0349,2601.198,0.1547,167.079,0.0087,5572.0,2.0353
2025-08-03,2539.46,1.6915,31.086,0.0237,2611.396,0.1553,78.909,0.0041,5260.851,1.8746
2025-08-04,2282.331,1.5202,142.677,0.1086,3704.066,0.2203,86.923,0.0045,6215.997,1.8536
2025-08-05,2331.013,1.5527,31.085,0.0237,3694.897,0.2197,95.384,0.005,6152.379,1.8011
2025-08-06,2543.235,1.694,109.971,0.0837,3239.422,0.1927,122.308,0.0064,6014.936,1.9768
2025-08-07,2571.86,1.7131,103.235,0.0786,3302.105,0.1964,138.426,0.0072,6115.626,1.9953
2025-08-08,2388.616,1.591,141.199,0.1075,2686.603,0.1598,137.021,0.0072,5353.439,1.8655
2025-08-09,2855.146,1.9018,112.753,0.0858,3223.565,0.1917,128.321,0.0067,6319.785,2.186
2025-08-10,2503.656,1.6677,114.666,0.0873,2671.735,0.1589,151.965,0.008,5442.022,1.9219
2025-08-11,2097.563,1.3972,80.066,0.0609,3144.392,0.187,95.385,0.005,5417.406,1.6501
2025-08-12,2375.416,1.5822,149.572,0.1139,2975.089,0.1769,196.075,0.0103,5696.152,1.8833
2025-08-13,2335.533,1.5557,116.955,0.089,3483.334,0.2072,62.424,0.0033,5998.246,1.8552
2025-08-14,2065.373,1.3757,108.106,0.0823,3657.792,0.2175,132.309,0.0069,5963.58,1.6824
2025-08-15,2224.358,1.4816,122.818,0.0935,4190.459,0.2492,191.047,0.01,6728.682,1.8343
2025-08-16,2609.007,1.7378,69.563,0.053,3848.733,0.2289,95.385,0.005,6622.688,2.0247
2025-08-17,2427.968,1.6172,120.424,0.0917,2807.465,0.167,81.231,0.0043,5437.088,1.8802
2025-08-18,2387.12,1.59,113.634,0.0865,3429.505,0.204,27.693,0.0014,5957.952,1.8819
2025-08-19,2127.868,1.4173,61.613,0.0469,2921.868,0.1738,61.539,0.0032,5172.888,1.6412
2025-08-20,2316.461,1.543,35.576,0.0271,3148.659,0.1873,145.07,0.0076,5645.766,1.765
2025-08-21,2381.082,1.586,134.909,0.1027,2668.541,0.1587,71.078,0.0037,5255.61,1.8511
2025-08-22,2420.62,1.6123,107.327,0.0817,3515.254,0.2091,247.093,0.0129,6290.294,1.916
2025-08-23,2734.993,1.8217,51.296,0.039,2967.245,0.1765,78.461,0.0041,5831.995,2.0413
2025-08-24,2465.061,1.6419,31.965,0.0243,2608.729,0.1551,203.701,0.0107,5309.456,1.832
2025-08-25,2446.439,1.6295,210.43,0.1602,2989.898,0.1778,124.797,0.0065,5771.564,1.974
2025-08-26,2439.859,1.6252,80.368,0.0612,2777.22,0.1652,61.54,0.0032,5358.987,1.8548
2025-08-27,2365.615,1.5757,113.454,0.0864,2641.443,0.1571,186.161,0.0097,5306.673,1.8289
2025-08-28,2226.119,1.4828,132.552,0.1009,3000.789,0.1785,68.462,0.0036,5427.922,1.7658
2025-08-29,2502.942,1.6672,91.363,0.0695,3654.572,0.2173,127.63,0.0067,6376.507,1.9607
2025-08-30,2778.69,1.8508,245.829,0.1871,3634.313,0.2161,195.371,0.0102,6854.203,2.2642
2025-08-31,1982.205,1.3203,79.472,0.0605,2061.914,0.1226,113.317,0.0059,4236.908,1.5093
2025-09-01,2800.761,2.0779,20.525,0.0174,3404.757,0.2255,249.574,0.0145,6475.617,2.3353
2025-09-02,2307.838,1.7122,0.0,0.0,2912.755,0.1929,93.937,0.0055,5314.53,1.9106
2025-09-03,2385.745,1.77,0.0,0.0,2193.363,0.1453,140.573,0.0082,4719.681,1.9235
2025-09-04,2052.261,1.5225,0.0,0.0,3597.281,0.2383,130.992,0.0076,5780.534,1.7684
2025-09-05,2554.778,1.8954,0.0,0.0,2877.977,0.1906,0.0,0.0,5432.755,2.086
2025-09-06,2839.296,2.1064,0.0,0.0,2826.646,0.1872,276.945,0.0161,5942.887,2.3097
2025-09-07,2635.483,1.9552,0.0,0.0,2235.43,0.1481,332.348,0.0194,5203.261,2.1227
2025-09-08,2184.986,1.621,0.0,0.0,2666.802,0.1766,73.16,0.0043,4924.948,1.8019
2025-09-09,2071.722,1.537,0.0,0.0,3019.294,0.2,63.898,0.0037,5154.914,1.7407
2025-09-10,2572.411,1.9084,0.0,0.0,3275.644,0.217,92.965,0.0054,5941.02,2.1308
2025-09-11,2434.099,1.8058,0.0,0.0,3420.916,0.2266,125.909,0.0073,5980.924,2.0397
2025-09-12,2402.079,1.7821,0.0,0.0,3275.82,0.217,57.507,0.0034,5735.406,2.0025
2025-09-13,2838.186,2.1056,0.0,0.0,2988.237,0.1979,103.451,0.006,5929.874,2.3095
2025-09-14,2357.104,1.7487,0.0,0.0,2388.427,0.1582,326.63,0.019,5072.161,1.9259
2025-09-15,2496.78,1.8523,0.0,0.0,2985.136,0.1977,79.882,0.0047,5561.798,2.0547
2025-09-16,2225.679,1.6512,0.0,0.0,3144.875,0.2083,216.455,0.0126,5587.009,1.8721
2025-09-17,2252.093,1.6708,0.0,0.0,2646.331,0.1753,211.821,0.0123,5110.245,1.8584
2025-09-18,2013.425,1.4937,64.236,0.0545,3350.989,0.222,158.145,0.0092,5586.795,1.7794
2025-09-19,2491.245,1.8482,180.066,0.1527,3948.172,0.2615,83.281,0.0049,6702.764,2.2673
2025-09-20,2696.595,2.0006,185.652,0.1574,3023.008,0.2002,100.014,0.0058,6005.269,2.364
2025-09-21,2508.509,1.861,47.708,0.0405,2468.385,0.1635,122.204,0.0071,5146.806,2.0721
2025-09-22,2405.49,1.7846,58.682,0.0498,3547.691,0.235,250.272,0.0146,6262.135,2.084
2025-09-23,2350.552,1.7438,40.033,0.0339,3130.355,0.2074,63.736,0.0037,5584.676,1.9888
2025-09-24,2422.946,1.7976,110.128,0.0934,2781.062,0.1842,142.814,0.0083,5456.95,2.0835
2025-09-25,1980.713,1.4695,217.302,0.1842,2791.894,0.1849,155.593,0.0091,5145.502,1.8477
2025-09-26,2172.569,1.6118,65.55,0.0556,2898.253,0.192,102.236,0.006,5238.608,1.8654
2025-09-27,2608.628,1.9353,211.964,0.1797,2871.347,0.1902,156.226,0.0091,5848.165,2.3143
2025-09-28,2655.0,1.9697,100.016,0.0848,3008.4,0.1993,161.252,0.0094,5924.668,2.2632
2025-09-29,2461.715,1.8263,26.84,0.0228,3118.897,0.2066,75.013,0.0044,5682.465,2.0601
2025-09-30,2199.593,1.6319,49.854,0.0423,2957.455,0.1959,79.878,0.0047,5286.78,1.8748
2025-10-01,2628.537,2.0463,110.819,0.0986,3995.0,0.2777,257.982,0.0158,6992.338,2.4384
2025-10-02,2245.453,1.7481,90.758,0.0807,3436.352,0.2389,77.315,0.0047,5849.878,2.0724
2025-10-03,2279.924,1.7749,239.413,0.213,2628.945,0.1827,38.345,0.0023,5186.627,2.1729
2025-10-04,2315.691,1.8027,77.592,0.069,2918.744,0.2029,197.49,0.0121,5509.517,2.0867
2025-10-05,2435.814,1.8963,119.36,0.1062,2423.021,0.1684,113.414,0.0069,5091.609,2.1778
2025-10-06,2481.012,1.9315,59.111,0.0526,2024.236,0.1407,111.821,0.0068,4676.18,2.1316
2025-10-07,2596.733,2.0215,37.015,0.0329,3406.662,0.2368,157.593,0.0096,6198.003,2.3008
2025-10-08,2386.385,1.8578,159.932,0.1423,3076.033,0.2138,172.154,0.0105,5794.504,2.2244
2025-10-09,2140.962,1.6667,84.394,0.0751,2708.158,0.1882,22.364,0.0014,4955.878,1.9314
2025-10-10,2568.899,1.9999,84.483,0.0752,3098.481,0.2154,95.846,0.0059,5847.709,2.2964
2025-10-11,2936.766,2.2863,166.138,0.1478,3021.595,0.21,154.416,0.0094,6278.915,2.6535
2025-10-12,2727.41,2.1233,26.27,0.0234,2679.935,0.1863,89.456,0.0055,5523.071,2.3385
2025-10-13,2695.344,2.0983,73.526,0.0654,3045.879,0.2117,36.905,0.0023,5851.654,2.3777
2025-10-14,2150.112,1.6738,38.062,0.0339,2864.656,0.1991,135.62,0.0083,5188.45,1.9151
2025-10-15,2269.635,1.7669,70.746,0.0629,3311.814,0.2302,71.235,0.0044,5723.43,2.0644
2025-10-16,2353.378,1.8321,125.11,0.1113,3035.398,0.211,86.262,0.0053,5600.148,2.1597
2025-10-17,2031.126,1.5812,11.94,0.0106,3013.559,0.2095,129.871,0.0079,5186.496,1.8092
2025-10-18,2740.56,2.1335,100.429,0.0894,3050.057,0.212,331.043,0.0202,6222.089,2.4551
2025-10-19,2283.261,1.7775,128.731,0.1145,1826.061,0.1269,79.872,0.0049,4317.925,2.0238
2025-10-20,2414.781,1.8799,165.665,0.1474,2943.891,0.2046,36.1,0.0022,5560.437,2.2341
2025-10-21,2214.924,1.7243,49.254,0.0438,2746.814,0.1909,108.882,0.0067,5119.874,1.9657
2025-10-22,2119.588,1.6501,45.137,0.0402,3301.088,0.2295,152.074,0.0093,5617.887,1.9291
2025-10-23,2375.378,1.8492,108.88,0.0969,3518.179,0.2445,87.859,0.0054,6090.296,2.196
2025-10-24,2128.921,1.6574,78.564,0.0699,2923.601,0.2032,113.903,0.007,5244.989,1.9375
2025-10-25,2591.471,2.0174,145.718,0.1296,2642.185,0.1837,148.018,0.0091,5527.392,2.3398
2025-10-26,2657.103,2.0685,66.707,0.0593,2758.564,0.1917,118.213,0.0072,5600.587,2.3267
2025-10-27,2351.657,1.8307,93.794,0.0834,3293.344,0.2289,209.587,0.0128,5948.382,2.1558
2025-10-28,2469.504,1.9225,1.493,0.0013,3136.222,0.218,62.422,0.0038,5669.641,2.1456
2025-10-29,2338.492,1.8205,100.756,0.0896,3393.919,0.2359,3.195,0.0002,5836.362,2.1462
2025-10-30,2280.684,1.7755,122.239,0.1088,3122.325,0.217,0.0,0.0,5525.248,2.1013
2025-10-31,2430.839,1.8924,97.169,0.0865,2623.405,0.1823,0.0,0.0,5151.413,2.1612
2025-11-01,3262.536,2.7889,182.596,0.1784,3404.027,0.2598,0.0,0.0,6849.159,3.2271
2025-11-02,2697.421,2.3058,138.851,0.1356,2518.43,0.1922,0.0,0.0,5354.702,2.6336
2025-11-03,2521.99,2.1558,268.468,0.2623,3240.336,0.2473,0.0,0.0,6030.794,2.6654
2025-11-04,2352.274,2.0108,99.859,0.0976,2721.932,0.2077,16.665,0.0011,5190.73,2.3172
2025-11-05,2352.118,2.0106,134.445,0.1313,2628.155,0.2006,0.0,0.0,5114.718,2.3425
2025-11-06,2157.015,1.8439,172.824,0.1688,3193.92,0.2438,33.304,0.0022,5557.063,2.2587
2025-11-07,2485.511,2.1247,50.299,0.0491,3680.042,0.2809,49.056,0.0033,6264.908,2.458
2025-11-08,2551.112,2.1807,64.33,0.0628,2829.744,0.216,158.337,0.0106,5603.523,2.4701
2025-11-09,2692.293,2.3014,58.057,0.0567,2627.503,0.2005,118.179,0.0079,5496.032,2.5665
2025-11-10,2458.628,2.1017,269.546,0.2633,2925.025,0.2232,78.617,0.0053,5731.816,2.5935
2025-11-11,2113.36,1.8065,60.886,0.0595,3196.686,0.244,125.692,0.0084,5496.624,2.1184
2025-11-12,2481.788,2.1215,103.043,0.1007,3286.817,0.2509,47.264,0.0032,5918.912,2.4763
2025-11-13,2407.674,2.0581,52.916,0.0517,3548.073,0.2708,47.17,0.0032,6055.833,2.3838
2025-11-14,2279.299,1.9484,128.349,0.1254,3144.784,0.24,128.97,0.0087,5681.402,2.3225
2025-11-15,2678.411,2.2896,93.584,0.0914,3156.077,0.2409,184.338,0.0124,6112.41,2.6343
2025-11-16,2442.061,2.0875,136.038,0.1329,2532.151,0.1933,129.88,0.0087,5240.13,2.4224
2025-11-17,2389.619,2.0427,176.824,0.1727,2883.438,0.2201,100.56,0.0068,5550.441,2.4423
2025-11-18,2155.717,1.8427,19.1,0.0187,2992.457,0.2284,247.49,0.0166,5414.764,2.1064
2025-11-19,2555.788,2.1847,0.0,0.0,2992.214,0.2284,106.915,0.0072,5654.917,2.4203
2025-11-20,1995.49,1.7058,0.0,0.0,2846.971,0.2173,81.126,0.0054,4923.587,1.9285
2025-11-21,2376.545,2.0315,0.0,0.0,3260.306,0.2488,15.723,0.0011,5652.574,2.2814
2025-11-22,2762.282,2.3613,0.0,0.0,2607.6,0.199,64.466,0.0043,5434.348,2.5646
2025-11-23,2439.461,2.0853,0.0,0.0,2912.592,0.2223,118.91,0.008,5470.963,2.3156
2025-11-24,2249.134,1.9226,0.0,0.0,2060.296,0.1572,122.169,0.0082,4431.599,2.088
2025-11-25,2350.026,2.0088,0.0,0.0,2754.139,0.2102,62.894,0.0042,5167.059,2.2232
2025-11-26,1765.659,1.5093,0.0,0.0,2223.214,0.1697,99.657,0.0067,4088.53,1.6857
2025-11-27,1576.169,1.3473,0.0,0.0,1557.833,0.1189,167.284,0.0112,3301.286,1.4774
2025-11-28,1317.126,1.1259,0.0,0.0,1575.002,0.1202,386.902,0.026,3279.03,1.2721
2025-11-29,3798.43,3.247,0.0,0.0,2462.212,0.1879,1057.95,0.0711,7318.592,3.506
2025-11-30,3478.244,2.9733,0.0,0.0,1415.753,0.1081,160.064,0.0108,5054.061,3.0922
2025-12-01,3205.952,2.9763,0.0,0.0,2774.676,0.23,707.379,0.0516,6688.007,3.2579
2025-12-02,2466.085,2.2894,0.0,0.0,2325.84,0.1928,191.83,0.014,4983.755,2.4962
2025-12-03,2440.732,2.2659,0.0,0.0,2878.917,0.2386,125.31,0.0091,5444.959,2.5136
2025-12-04,2194.957,2.0377,0.0,0.0,2493.826,0.2067,137.526,0.01,4826.309,2.2544
2025-12-05,2212.783,2.0543,0.0,0.0,2295.099,0.1902,229.553,0.0167,4737.435,2.2612
2025-12-06,2625.292,2.4372,0.0,0.0,2635.946,0.2185,151.419,0.011,5412.657,2.6667
2025-12-07,2612.663,2.4255,0.0,0.0,2608.444,0.2162,213.842,0.0156,5434.949,2.6573
2025-12-08,2291.519,2.1274,0.0,0.0,2792.936,0.2315,150.943,0.011,5235.398,2.3699
2025-12-09,2016.833,1.8724,0.0,0.0,2508.246,0.2079,77.518,0.0057,4602.597,2.086
2025-12-10,2304.355,2.1393,0.0,0.0,3021.085,0.2504,22.012,0.0016,5347.452,2.3913
2025-12-11,2229.806,2.0701,0.0,0.0,3198.876,0.2652,0.0,0.0,5428.682,2.3353
2025-12-12,2286.796,2.123,0.0,0.0,2932.084,0.243,81.447,0.0059,5300.327,2.3719
2025-12-13,2585.788,2.4006,0.0,0.0,2696.041,0.2235,40.881,0.003,5322.71,2.6271
2025-12-14,2434.371,2.26,0.0,0.0,2574.751,0.2134,78.617,0.0057,5087.739,2.4791
2025-12-15,2662.225,2.4715,0.0,0.0,2284.371,0.1894,69.185,0.005,5015.781,2.6659
2025-12-16,2129.723,1.9772,0.0,0.0,2579.641,0.2138,380.202,0.0277,5089.566,2.2187
2025-12-17,2395.125,2.2236,0.0,0.0,3107.023,0.2575,72.327,0.0053,5574.475,2.4864
2025-12-18,2340.403,2.1728,0.0,0.0,2285.042,0.1894,227.99,0.0166,4853.435,2.3788
2025-12-19,2582.515,2.3975,0.0,0.0,3515.466,0.2914,97.484,0.0071,6195.465,2.696
2025-12-20,2798.945,2.5985,0.0,0.0,2453.418,0.2034,90.13,0.0066,5342.493,2.8085
2025-12-21,2673.22,2.4817,0.0,0.0,2175.801,0.1804,72.326,0.0053,4921.347,2.6674
2025-12-22,2400.344,2.2284,0.0,0.0,3312.183,0.2745,31.446,0.0023,5743.973,2.5052
2025-12-23,2575.382,2.3909,0.0,0.0,3159.581,0.2619,147.8,0.0108,5882.763,2.6636
2025-12-24,2496.41,2.3176,0.0,0.0,3068.553,0.2544,207.688,0.0151,5772.651,2.5871
2025-12-25,2554.747,2.3717,0.0,0.0,1868.832,0.1549,94.339,0.0069,4517.918,2.5335
2025-12-26,2881.831,2.6754,0.0,0.0,2440.817,0.2023,150.937,0.011,5473.585,2.8887
2025-12-27,2781.4,2.5822,0.0,0.0,2421.071,0.2007,234.966,0.0171,5437.437,2.8
2025-12-28,2600.369,2.4141,0.0,0.0,2281.087,0.1891,139.471,0.0102,5020.927,2.6134
2025-12-29,2633.419,2.4448,0.0,0.0,2889.186,0.2395,75.948,0.0055,5598.553,2.6898
2025-12-30,2187.803,2.0311,0.0,0.0,3741.106,0.3101,162.269,0.0118,6091.178,2.353
2025-12-31,2934.949,2.7247,0.0,0.0,2732.119,0.2265,178.48,0.013,5845.548,2.9642
2026-01-01,2439.441,2.472,0.0,0.0,1823.418,0.165,108.491,0.0086,4371.35,2.6456
2026-01-02,2592.749,2.6274,41.64,0.0482,2097.747,0.1898,25.157,0.002,4757.293,2.8674
2026-01-03,2692.867,2.7288,145.204,0.1682,2228.017,0.2016,207.863,0.0166,5273.951,3.1152
2026-01-04,2693.247,2.7292,85.827,0.0994,2555.24,0.2312,155.662,0.0124,5489.976,3.0722
2026-01-05,2482.568,2.5157,35.669,0.0413,0.0,0.0,0.0,0.0,2518.237,2.557
2026-01-06,2485.494,2.5187,122.278,0.1416,2951.522,0.267,246.99,0.0197,5806.284,2.947
2026-01-07,2072.191,2.0999,61.765,0.0715,2847.012,0.2576,208.385,0.0166,5189.353,2.4456
2026-01-08,2163.036,2.1919,129.849,0.1504,2799.455,0.2533,179.615,0.0143,5271.955,2.6099
2026-01-09,2019.13,2.0461,133.777,0.1549,3100.995,0.2806,71.198,0.0057,5325.1,2.4873
2026-01-10,2640.983,2.6763,84.693,0.0981,2403.829,0.2175,45.758,0.0036,5175.263,2.9955
2026-01-11,2311.716,2.3426,28.376,0.0329,2514.022,0.2275,51.516,0.0041,4905.63,2.6071
2026-01-12,2614.281,2.6492,92.067,0.1066,2674.663,0.242,319.142,0.0254,5700.153,3.0232
2026-01-13,2739.817,2.7764,113.289,0.1312,2678.962,0.2424,75.23,0.006,5607.298,3.156
2026-01-14,2657.27,2.6928,154.949,0.1794,2808.471,0.2541,164.399,0.0131,5785.089,3.1394
2026-01-15,2136.465,2.165,79.33,0.0919,2674.363,0.242,58.823,0.0047,4948.981,2.5036
2026-01-16,2296.229,2.3269,92.568,0.1072,3079.826,0.2787,146.065,0.0116,5614.688,2.7244
2026-01-17,2611.713,2.6466,117.936,0.1366,2331.613,0.211,209.872,0.0167,5271.134,3.0109
2026-01-18,2494.561,2.5279,54.987,0.0637,2476.94,0.2241,197.599,0.0157,5224.087,2.8314
2026-01-19,2393.4,2.4254,60.296,0.0698,2988.278,0.2704,231.58,0.0184,5673.554,2.784
2026-01-20,2355.538,2.387,162.782,0.1885,3934.647,0.356,207.119,0.0165,6660.086,2.948
2026-01-21,2397.699,2.4297,83.24,0.0964,3631.748,0.3286,106.19,0.0085,6218.877,2.8632
2026-01-22,2087.244,2.1151,79.943,0.0926,3448.37,0.312,97.399,0.0078,5712.956,2.5275
2026-01-23,2470.5,2.5035,175.531,0.2033,3130.239,0.2832,77.401,0.0062,5853.671,2.9962
2026-01-24,3131.498,3.1733,71.95,0.0833,3050.317,0.276,147.077,0.0117,6400.842,3.5443
2026-01-25,2645.689,2.681,212.797,0.2464,2157.989,0.1953,105.698,0.0084,5122.173,3.1311
2026-01-26,2461.545,2.4944,39.567,0.0458,3396.553,0.3073,79.75,0.0063,5977.415,2.8538
2026-01-27,2377.228,2.409,104.413,0.1209,3398.365,0.3075,133.592,0.0106,6013.598,2.848
2026-01-28,2416.47,2.4487,207.791,0.2406,3527.257,0.3191,174.007,0.0139,6325.525,3.0223
2026-01-29,2260.503,2.2907,159.26,0.1844,3333.498,0.3016,175.99,0.014,5929.251,2.7907
2026-01-30,2531.899,2.5657,99.817,0.1156,3411.868,0.3087,111.22,0.0089,6154.804,2.9989
2026-01-31,2871.027,2.9094,173.716,0.2012,2556.178,0.2313,179.567,0.0143,5780.488,3.3562
2026-02-01,2356.843,2.44,150.569,0.1782,4100.821,0.3791,41.539,0.0034,6649.772,3.0007
2026-02-02,2213.42,2.2915,101.392,0.12,2890.9,0.2672,95.321,0.0078,5301.033,2.6865
2026-02-03,2430.432,2.5162,95.852,0.1134,2170.393,0.2006,136.879,0.0111,4833.556,2.8413
2026-02-04,2300.022,2.3812,90.848,0.1075,2836.253,0.2622,30.212,0.0025,5257.335,2.7534
2026-02-05,3132.529,3.2431,84.213,0.0996,2721.611,0.2516,0.0,0.0,5938.353,3.5943
2026-02-06,2656.792,2.7506,34.425,0.0407,1958.916,0.1811,0.0,0.0,4650.133,2.9724
2026-02-07,2554.212,2.6444,84.488,0.1,3279.466,0.3031,48.34,0.0039,5966.506,3.0514
2026-02-08,2499.68,2.5879,75.447,0.0893,2911.719,0.2692,35.211,0.0029,5522.057,2.9493
2026-02-09,2488.637,2.5765,67.58,0.08,3344.498,0.3092,116.411,0.0095,6017.126,2.9752
2026-02-10,2798.959,2.8978,35.567,0.0421,2236.741,0.2068,188.64,0.0153,5259.907,3.162
2026-02-11,3982.427,4.123,58.23,0.0689,2703.796,0.2499,145.021,0.0118,6889.474,4.4536
2026-02-12,4277.234,4.4282,122.3,0.1447,2017.646,0.1865,200.452,0.0163,6617.632,4.7757
2026-02-13,3478.327,3.6011,90.475,0.107,1717.945,0.1588,74.025,0.006,5360.772,3.8729
2026-02-14,1248.194,1.2923,198.062,0.2343,622.537,0.0575,128.073,0.0104,2196.866,1.5945
2026-02-15,2373.924,2.4577,88.281,0.1045,1602.459,0.1481,182.412,0.0148,4247.076,2.7251
2026-02-16,2346.913,2.4298,124.636,0.1475,1426.237,0.1318,47.738,0.0039,3945.524,2.713
2026-02-17,2550.524,2.6405,110.747,0.131,1890.979,0.1748,277.33,0.0226,4829.58,2.9689
2026-02-18,2757.123,2.8544,62.883,0.0744,1691.665,0.1564,75.528,0.0061,4587.199,3.0913
2026-02-19,2438.143,2.5242,30.76,0.0364,1723.194,0.1593,154.698,0.0126,4346.795,2.7325
2026-02-20,2419.292,2.5047,166.513,0.197,1900.098,0.1756,96.13,0.0078,4582.033,2.8851
2026-02-21,2250.873,2.3303,16.7,0.0198,2108.345,0.1949,298.251,0.0243,4674.169,2.5693
2026-02-22,2277.718,2.3581,91.418,0.1082,2338.634,0.2162,45.923,0.0037,4753.693,2.6862
2026-02-23,2418.338,2.5037,80.885,0.0957,3031.81,0.2803,135.044,0.011,5666.077,2.8907
2026-02-24,2303.824,2.3851,110.379,0.1306,2747.057,0.2539,75.529,0.0061,5236.789,2.7757
2026-02-25,2315.68,2.3974,79.437,0.094,2666.532,0.2465,151.057,0.0123,5212.706,2.7502
2026-02-26,2704.146,2.7996,26.17,0.031,2178.681,0.2014,199.547,0.0162,5108.544,3.0482
2026-02-27,2423.453,2.509,101.338,0.1199,1575.374,0.1456,152.084,0.0124,4252.249,2.7869
2026-02-28,2461.05,2.5479,129.92,0.1537,2952.417,0.2729,115.239,0.0094,5658.626,2.9839
2026-03-01,2517.46,2.4274,19.499,0.0215,2762.072,0.2378,50.77,0.0038,5349.801,2.6905
2026-03-02,2358.962,2.2746,137.221,0.1512,2404.482,0.207,66.455,0.005,4967.12,2.6378
2026-03-03,2866.423,2.7639,16.129,0.0178,2851.389,0.2455,124.017,0.0094,5857.958,3.0366
2026-03-04,2285.264,2.2035,138.552,0.1527,1784.284,0.1536,102.157,0.0077,4310.257,2.5175
2026-03-05,2515.837,2.4259,110.258,0.1215,2083.953,0.1794,189.847,0.0144,4899.895,2.7412
2026-03-06,2296.946,2.2148,10.411,0.0115,1910.367,0.1645,76.924,0.0058,4294.648,2.3966
2026-03-07,1954.274,1.8844,71.325,0.0786,2655.077,0.2286,170.922,0.0129,4851.598,2.2045
2026-03-08,1971.934,1.9014,89.542,0.0987,2610.604,0.2248,50.791,0.0038,4722.871,2.2287
2026-03-09,2421.277,2.3347,62.611,0.069,2389.956,0.2058,232.956,0.0176,5106.8,2.6271
2026-03-10,2751.733,2.6533,151.772,0.1672,2532.507,0.218,9.231,0.0007,5445.243,3.0392
2026-03-11,3140.862,3.0285,10.264,0.0113,1952.165,0.1681,176.94,0.0134,5280.231,3.2213
2026-03-12,4242.094,4.0904,120.888,0.1332,2220.967,0.1912,314.83,0.0239,6898.779,4.4387
2026-03-13,2897.352,2.7937,48.224,0.0531,2548.521,0.2194,55.385,0.0042,5549.482,3.0704
2026-03-14,2598.077,2.5052,121.666,0.1341,2954.18,0.2543,143.076,0.0108,5816.999,2.9044
2026-03-15,2379.234,2.2941,80.653,0.0889,2920.89,0.2515,66.155,0.005,5446.932,2.6395
2026-03-16,2596.872,2.504,78.394,0.0864,2393.853,0.2061,102.371,0.0078,5171.49,2.8043
2026-03-17,2215.262,2.136,150.742,0.1661,2052.781,0.1767,193.855,0.0147,4612.64,2.4935
2026-03-18,2523.875,2.4336,85.839,0.0946,1975.42,0.1701,164.862,0.0125,4749.996,2.7108
2026-03-19,2493.946,2.4047,101.525,0.1119,2313.575,0.1992,86.725,0.0066,4995.771,2.7224
2026-03-20,2215.384,2.1361,101.176,0.1115,2207.172,0.19,82.461,0.0062,4606.193,2.4438
2026-03-21,2404.992,2.319,49.861,0.0549,2800.059,0.2411,129.695,0.0098,5384.607,2.6248
2026-03-22,2344.626,2.2608,29.478,0.0325,1982.637,0.1707,163.012,0.0123,4519.753,2.4763
2026-03-23,2364.188,2.2796,12.898,0.0142,2384.44,0.2053,167.927,0.0127,4929.453,2.5118
2026-03-24,2706.524,2.6097,155.428,0.1713,2402.147,0.2068,104.615,0.0079,5368.714,2.9957
2026-03-25,2456.745,2.3689,0.0,0.0,1683.203,0.1449,113.849,0.0086,4253.797,2.5224
2026-03-26,2119.499,2.0437,67.158,0.074,2297.349,0.1978,6.154,0.0005,4490.16,2.316
2026-03-27,2217.956,2.1386,91.1,0.1004,2605.679,0.2243,100.12,0.0076,5014.855,2.4709
2026-03-28,2433.172,2.3461,88.039,0.097,1972.433,0.1698,0.0,0.0,4493.644,2.6129
2026-03-29,2277.016,2.1956,79.478,0.0876,1843.756,0.1587,0.0,0.0,4200.25,2.4419
2026-03-30,2101.663,2.0265,10.264,0.0113,2309.3,0.1988,0.0,0.0,4421.227,2.2366
2026-03-31,2601.463,2.5084,75.368,0.0831,1576.005,0.1357,0.0,0.0,4252.836,2.7272
2026-04-01,2218.896,1.8976,0.0,0.0,2472.361,0.1888,104.31,0.007,4795.567,2.0934
2026-04-02,1995.284,1.7063,122.06,0.1193,2550.364,0.1947,154.768,0.0104,4822.476,2.0307
2026-04-03,2118.129,1.8114,99.125,0.0969,3273.072,0.2499,49.385,0.0033,5539.711,2.1615
2026-04-04,2187.681,1.8709,197.799,0.1933,3398.189,0.2595,136.001,0.0091,5919.67,2.3328
2026-04-05,2444.393,2.0904,45.883,0.0448,2813.872,0.2149,112.889,0.0076,5417.037,2.3577
2026-04-06,2338.793,2.0001,146.155,0.1428,1810.137,0.1382,201.922,0.0136,4497.007,2.2947
2026-04-07,2355.967,2.0148,278.594,0.2723,2945.014,0.2249,110.767,0.0074,5690.342,2.5194
2026-04-08,2416.83,2.0668,97.127,0.0949,3150.702,0.2406,104.614,0.007,5769.273,2.4093
2026-04-09,2824.746,2.4157,39.01,0.0381,3090.652,0.236,193.978,0.013,6148.386,2.7028
2026-04-10,3235.833,2.7672,97.72,0.0955,2427.788,0.1854,155.751,0.0105,5917.092,3.0586
2026-04-11,2604.95,2.2277,111.724,0.1092,2848.643,0.2175,41.835,0.0028,5607.152,2.5572
2026-04-12,2627.057,2.2466,43.718,0.0427,3071.28,0.2345,149.847,0.0101,5891.902,2.5339
2026-04-13,2445.039,2.091,88.692,0.0867,2422.715,0.185,186.765,0.0125,5143.211,2.3752
2026-04-14,3283.1,2.8077,131.677,0.1287,3400.39,0.2596,83.997,0.0056,6899.164,3.2016
2026-04-15,2240.551,1.9161,19.208,0.0188,3962.726,0.3026,0.0,0.0,6222.485,2.2375
2026-04-16,2271.762,1.9428,42.526,0.0416,2720.221,0.2077,4.918,0.0003,5039.427,2.1924
2026-04-17,2407.91,2.0592,84.631,0.0827,3632.752,0.2774,77.386,0.0052,6202.679,2.4245
2026-04-18,2226.143,1.9038,5.865,0.0057,3800.487,0.2902,113.85,0.0076,6146.345,2.2073
2026-04-19,2787.822,2.3841,98.239,0.096,2863.964,0.2187,199.227,0.0134,5949.252,2.7122
