date,temp_max_c,temp_min_c,temp_mean_c,precip_mm,humidity_max,humidity_min,wind_max_kmh,wind_mean_kmh,et0_mm,solar_mj,vpd_kpa,temp_range_c,is_hot_day,is_very_hot,humidity_mean,humidity_range,is_dry_day,is_humid_day,is_rainy_day,is_heavy_rain,no_rain,is_windy,evap_risk
2025-04-01,33.1,23.0,27.4,4.3,97,47,13.9,5.8,4.67,21.64,2.67,10.100000000000001,1,0,72.0,50,0,1,0,0,0,0,22.21
2025-04-02,33.4,24.0,26.6,9.7,99,56,11.1,4.1,3.76,18.23,2.27,9.399999999999999,1,0,77.5,43,0,1,1,0,0,0,19.54
2025-04-03,31.0,23.5,25.7,16.4,99,68,12.0,4.2,3.61,18.17,1.43,7.5,0,0,83.5,31,0,1,1,0,0,0,17.105
2025-04-04,30.7,23.2,25.0,28.8,100,69,19.7,5.0,3.01,15.44,1.39,7.5,0,0,84.5,31,0,1,1,1,0,0,16.675
2025-04-05,30.8,22.6,25.8,14.6,99,70,12.8,6.6,3.65,18.58,1.32,8.2,0,0,84.5,29,0,1,1,0,0,0,17.395
2025-04-06,31.1,22.9,25.9,9.9,99,70,12.6,8.4,4.3,22.06,1.36,8.200000000000003,0,0,84.5,29,0,1,1,0,0,0,17.885
2025-04-07,30.5,23.7,25.8,13.0,99,69,15.8,8.5,3.67,18.26,1.33,6.800000000000001,0,0,84.0,30,0,1,1,0,0,0,18.045
2025-04-08,31.8,22.9,27.0,0.8,99,59,12.9,5.3,4.96,23.73,1.9,8.900000000000002,0,0,79.0,40,0,1,0,0,0,0,19.475
2025-04-09,30.7,22.9,26.2,3.7,99,67,17.3,9.8,3.91,19.34,1.37,7.800000000000001,0,0,83.0,32,0,1,0,0,0,0,18.88
2025-04-10,28.2,23.5,25.0,8.6,98,78,19.6,13.3,2.81,14.94,0.81,4.699999999999999,0,0,88.0,20,0,1,1,0,0,0,17.525
2025-04-11,28.0,23.5,25.4,1.1,97,79,20.1,16.2,3.02,15.36,0.77,4.5,0,0,88.0,18,0,1,0,0,0,1,18.41
2025-04-12,30.5,23.8,26.3,4.9,97,68,19.9,13.5,4.26,21.79,1.36,6.699999999999999,0,0,82.5,29,0,1,0,0,0,0,20.02
2025-04-13,30.1,24.0,26.8,1.9,96,73,16.1,11.8,4.31,21.91,1.11,6.100000000000001,0,0,84.5,23,0,1,0,0,0,0,19.095
2025-04-14,31.8,24.4,27.2,3.2,98,64,13.4,8.3,4.24,20.58,1.67,7.400000000000002,0,0,81.0,34,0,1,0,0,0,0,19.605
2025-04-15,32.3,23.7,26.7,3.0,98,64,16.7,6.4,4.6,22.25,1.7,8.599999999999998,0,0,81.0,34,0,1,0,0,0,0,18.93
2025-04-16,32.2,23.8,27.4,1.5,97,63,10.9,5.9,4.84,23.4,1.76,8.400000000000002,0,0,80.0,34,0,1,0,0,0,0,19.435
2025-04-17,32.5,23.8,27.9,0.3,99,61,15.6,8.0,4.87,22.64,1.8,8.7,0,0,80.0,38,0,1,0,0,0,0,20.16
2025-04-18,32.6,24.4,27.9,1.4,96,56,18.6,11.6,5.17,23.44,2.15,8.200000000000003,0,0,76.0,40,0,1,0,0,0,0,22.46
2025-04-19,32.3,24.6,27.9,2.5,93,62,18.1,12.7,4.88,22.67,1.86,7.699999999999996,0,0,77.5,31,0,1,0,0,0,0,22.21
2025-04-20,33.0,24.2,28.0,1.1,94,58,18.6,12.9,4.93,22.33,2.05,8.8,0,0,76.0,36,0,1,0,0,0,0,22.825
2025-04-21,32.7,24.1,27.5,4.3,97,59,20.0,10.6,4.78,22.11,2.01,8.600000000000001,0,0,78.0,38,0,1,0,0,0,0,21.35
2025-04-22,31.9,23.5,27.2,3.1,97,62,15.9,10.9,4.51,21.27,1.81,8.399999999999999,0,0,79.5,35,0,1,0,0,0,0,20.78
2025-04-23,32.2,24.5,27.5,3.2,95,61,17.0,11.6,4.71,21.86,1.85,7.700000000000003,0,0,78.0,34,0,1,0,0,0,0,21.6
2025-04-24,32.2,24.4,27.6,2.0,94,62,18.3,13.0,4.51,20.54,1.8,7.800000000000004,0,0,78.0,32,0,1,0,0,0,0,21.99
2025-04-25,32.2,24.2,27.1,9.7,98,63,15.6,10.6,4.29,20.61,1.78,8.000000000000004,0,0,80.5,35,0,1,1,0,0,0,20.315
2025-04-26,32.7,23.9,27.2,4.4,97,57,17.1,10.5,4.69,22.03,2.12,8.800000000000004,0,0,77.0,40,0,1,0,0,0,0,21.555
2025-04-27,33.0,24.0,27.6,1.1,98,56,16.3,8.9,4.91,22.95,2.2,9.0,0,0,77.0,42,0,1,0,0,0,0,21.315
2025-04-28,32.2,24.0,26.7,10.5,98,62,14.8,8.4,4.02,19.53,1.82,8.200000000000003,0,0,80.0,36,0,1,1,0,0,0,19.78
2025-04-29,32.5,23.8,26.5,18.9,99,62,12.6,9.1,3.85,19.05,1.86,8.7,0,0,80.5,37,0,1,1,0,0,0,19.7
2025-04-30,28.4,24.0,25.5,14.7,98,79,16.8,13.2,2.76,14.53,0.8,4.399999999999999,0,0,88.5,19,0,1,1,0,0,0,17.525
2025-05-01,31.6,23.7,27.2,1.3,97,67,17.6,12.2,4.38,20.85,1.55,7.900000000000002,0,0,82.0,30,0,1,0,0,0,0,20.23
2025-05-02,32.3,24.7,27.8,1.0,94,61,17.3,10.0,4.91,22.99,1.83,7.599999999999998,0,0,77.5,33,0,1,0,0,0,0,21.495
2025-05-03,32.0,24.6,27.4,2.9,95,62,16.7,11.6,4.47,21.48,1.76,7.399999999999999,0,0,78.5,33,0,1,0,0,0,0,21.385
2025-05-04,33.5,24.6,28.6,0.0,96,55,15.2,11.0,5.15,22.6,2.34,8.899999999999999,1,0,75.5,41,0,1,0,0,1,0,22.765
2025-05-05,33.6,24.5,28.2,3.3,99,57,17.5,10.4,4.96,22.11,2.25,9.100000000000001,1,0,78.0,42,0,1,0,0,0,0,21.58
2025-05-06,33.4,24.5,28.0,2.0,99,57,19.0,11.9,4.94,22.42,2.18,8.899999999999999,1,0,78.0,42,0,1,0,0,0,0,21.875
2025-05-07,33.0,24.0,26.7,8.4,99,59,20.1,13.1,3.96,18.67,2.06,9.0,0,0,79.0,40,0,1,1,0,0,1,21.305
2025-05-08,31.3,24.0,27.5,4.4,97,64,21.2,13.1,4.23,18.95,1.6,7.300000000000001,0,0,80.5,33,0,1,0,0,0,1,21.1
2025-05-09,32.8,24.5,28.1,3.7,91,62,12.5,9.7,4.62,21.1,1.89,8.299999999999997,0,0,76.5,29,0,1,0,0,0,0,21.89
2025-05-10,32.5,24.8,28.4,0.4,92,60,17.7,12.0,5.06,22.94,1.96,7.699999999999999,0,0,76.0,32,0,1,0,0,0,0,22.76
2025-05-11,33.1,24.9,28.5,0.0,96,51,20.1,13.2,5.57,24.32,2.47,8.200000000000003,1,0,73.5,45,0,1,0,0,1,1,23.975
2025-05-12,32.6,24.8,28.3,1.6,94,57,21.3,14.1,5.1,21.93,2.07,7.800000000000001,0,0,75.5,37,0,1,0,0,0,1,23.42
2025-05-13,32.5,24.6,28.4,1.9,93,62,20.9,15.2,4.9,21.35,1.85,7.899999999999999,0,0,77.5,31,0,1,0,0,0,1,23.035
2025-05-14,33.2,24.8,27.9,4.6,97,56,22.4,15.0,4.72,21.03,2.23,8.400000000000002,1,0,76.5,41,0,1,0,0,0,1,23.135
2025-05-15,32.2,24.9,28.0,0.1,94,62,22.6,14.7,4.12,17.02,1.85,7.300000000000004,0,0,78.0,32,0,1,0,0,0,1,22.575
2025-05-16,32.5,25.1,28.5,1.5,91,61,21.9,14.7,4.61,19.04,1.92,7.399999999999999,0,0,76.0,30,0,1,0,0,0,1,23.475
2025-05-17,28.7,24.0,26.3,13.5,96,75,18.7,13.0,2.66,12.96,0.98,4.699999999999999,0,0,85.5,21,0,1,1,0,0,0,18.845
2025-05-18,30.2,23.1,25.8,15.9,100,74,21.0,12.9,3.07,16.35,1.12,7.099999999999998,0,0,87.0,26,0,1,1,0,0,1,18.095
2025-05-19,29.0,23.6,25.7,12.5,99,77,23.9,15.3,3.23,18.06,0.91,5.399999999999999,0,0,88.0,22,0,1,1,0,0,1,18.305
2025-05-20,30.7,23.9,27.1,1.9,99,69,24.9,16.4,4.5,22.11,1.38,6.800000000000001,0,0,84.0,30,0,1,0,0,0,1,20.54
2025-05-21,29.5,23.7,27.0,2.1,98,74,19.7,14.6,2.93,12.87,1.08,5.800000000000001,0,0,86.0,24,0,1,0,0,0,0,19.35
2025-05-22,31.1,25.5,27.6,6.6,94,68,19.0,13.1,3.94,18.95,1.45,5.600000000000001,0,0,81.0,26,0,1,1,0,0,0,20.965
2025-05-23,31.1,25.1,27.3,5.5,96,69,23.3,15.6,4.1,20.88,1.41,6.0,0,0,82.5,27,0,1,1,0,0,1,20.945
2025-05-24,29.3,24.5,26.2,8.8,98,76,24.2,16.2,2.95,15.46,0.97,4.800000000000001,0,0,87.0,22,0,1,1,0,0,1,19.08
2025-05-25,29.6,24.8,26.9,3.5,97,73,24.6,16.6,2.83,12.66,1.08,4.800000000000001,0,0,85.0,24,0,1,0,0,0,1,20.16
2025-05-26,30.5,24.6,26.9,10.1,97,70,30.7,19.7,3.47,16.92,1.29,5.899999999999999,0,0,83.5,27,0,1,1,0,0,1,21.46
2025-05-27,29.1,24.8,26.7,5.7,97,82,26.5,20.3,3.0,14.79,0.74,4.300000000000001,0,0,89.5,15,0,1,1,0,0,1,19.43
2025-05-28,30.6,25.5,28.1,4.3,94,70,31.0,23.7,4.49,20.4,1.3,5.100000000000001,0,0,82.0,24,0,1,0,0,0,1,23.465
2025-05-29,30.3,24.9,27.6,7.4,95,72,33.5,25.0,4.47,21.83,1.2,5.400000000000002,0,0,83.5,23,0,1,1,0,0,1,23.065
2025-05-30,30.0,24.4,26.0,19.0,96,77,31.4,23.2,2.83,15.49,0.96,5.600000000000001,0,0,86.5,19,0,1,1,0,0,1,20.925
2025-05-31,29.2,24.9,27.0,5.6,97,74,27.6,19.8,3.64,17.88,1.05,4.300000000000001,0,0,85.5,23,0,1,1,0,0,1,20.825
2025-06-01,30.4,25.4,27.6,3.3,96,74,24.5,16.3,4.3,21.59,1.1,5.0,0,0,85.0,22,0,1,0,0,0,1,20.365
2025-06-02,31.0,24.1,27.2,0.9,98,68,20.6,14.8,4.64,23.19,1.43,6.899999999999999,0,0,83.0,30,0,1,0,0,0,1,20.53
2025-06-03,30.8,24.8,27.6,0.9,96,67,19.7,13.9,4.54,21.97,1.44,6.0,0,0,81.5,29,0,1,0,0,0,0,20.99
2025-06-04,30.4,24.0,27.0,2.5,96,70,22.4,15.0,4.36,21.99,1.29,6.399999999999999,0,0,83.0,26,0,1,0,0,0,1,20.5
2025-06-05,30.8,24.7,27.4,1.3,96,67,21.7,14.0,4.6,22.51,1.48,6.100000000000001,0,0,81.5,29,0,1,0,0,0,1,20.935
2025-06-06,31.0,24.6,27.5,0.2,96,64,21.5,15.0,4.9,23.08,1.64,6.399999999999999,0,0,80.0,32,0,1,0,0,0,1,21.75
2025-06-07,30.7,24.0,27.4,1.8,97,64,23.6,15.8,4.9,22.83,1.57,6.699999999999999,0,0,80.5,33,0,1,0,0,0,1,21.735
2025-06-08,31.2,24.5,27.7,0.2,93,60,21.6,15.7,5.14,23.25,1.83,6.699999999999999,0,0,76.5,33,0,1,0,0,0,1,23.23
2025-06-09,30.8,24.4,27.5,3.4,97,62,26.4,17.8,4.62,20.62,1.67,6.400000000000002,0,0,79.5,35,0,1,0,0,0,1,22.625
2025-06-10,29.9,24.0,25.8,22.6,99,76,25.2,15.9,3.07,16.79,0.99,5.899999999999999,0,0,87.5,23,0,1,1,1,0,1,18.67
2025-06-11,27.9,23.4,25.2,28.3,99,80,24.0,16.6,2.75,15.53,0.74,4.5,0,0,89.5,19,0,1,1,1,0,1,17.905
2025-06-12,29.7,24.0,26.4,5.5,98,74,26.0,17.7,3.75,19.11,1.06,5.699999999999999,0,0,86.0,24,0,1,1,0,0,1,19.885
2025-06-13,29.1,23.6,25.6,12.4,99,76,28.2,18.1,3.13,17.53,0.98,5.5,0,0,87.5,23,0,1,1,0,0,1,19.14
2025-06-14,27.1,23.6,24.9,35.3,99,88,24.4,17.2,2.49,15.09,0.43,3.5,0,0,93.5,11,0,1,1,1,0,1,16.535
2025-06-15,27.0,23.5,25.1,35.2,99,84,24.4,15.5,2.45,13.83,0.53,3.5,0,0,91.5,15,0,1,1,1,0,1,16.89
2025-06-16,29.2,23.6,25.7,12.3,99,73,23.8,16.6,3.56,19.22,1.11,5.599999999999998,0,0,86.0,26,0,1,1,0,0,1,19.33
2025-06-17,29.0,23.8,25.8,3.5,99,71,20.0,14.1,2.35,10.82,1.15,5.199999999999999,0,0,85.0,28,0,1,0,0,0,0,19.095
2025-06-18,30.0,24.6,27.1,0.4,96,67,19.1,14.5,4.32,21.27,1.39,5.399999999999999,0,0,81.5,29,0,1,0,0,0,0,20.94
2025-06-19,29.8,25.0,27.1,2.0,94,74,23.3,16.3,4.1,20.87,1.07,4.800000000000001,0,0,84.0,20,0,1,0,0,0,1,20.515
2025-06-20,28.8,24.5,26.5,4.5,97,76,20.5,15.3,3.65,19.02,0.96,4.300000000000001,0,0,86.5,21,0,1,0,0,0,1,19.15
2025-06-21,29.5,23.8,26.4,2.8,99,72,23.0,15.6,3.84,19.48,1.12,5.699999999999999,0,0,85.5,27,0,1,0,0,0,1,19.535
2025-06-22,29.5,23.8,26.7,3.2,97,71,25.2,17.3,4.13,20.8,1.21,5.699999999999999,0,0,84.0,26,0,1,0,0,0,1,20.605
2025-06-23,30.1,24.5,27.0,4.2,98,70,23.4,16.7,4.11,20.56,1.29,5.600000000000001,0,0,84.0,28,0,1,0,0,0,1,20.575
2025-06-24,30.2,25.0,27.2,2.5,96,69,25.5,18.4,4.51,22.52,1.31,5.199999999999999,0,0,82.5,27,0,1,0,0,0,1,21.605
2025-06-25,29.8,24.2,26.8,3.7,97,71,24.3,16.5,4.15,21.27,1.2,5.600000000000001,0,0,84.0,26,0,1,0,0,0,1,20.445
2025-06-26,29.5,22.8,25.6,5.5,99,73,22.3,15.8,3.37,17.81,1.09,6.699999999999999,0,0,86.0,26,0,1,1,0,0,1,19.09
2025-06-27,30.0,23.6,26.6,0.8,98,68,23.0,15.5,4.22,21.02,1.34,6.399999999999999,0,0,83.0,30,0,1,0,0,0,1,20.465
2025-06-28,29.0,23.6,25.9,9.4,97,79,20.3,14.3,3.09,16.46,0.86,5.399999999999999,0,0,88.0,18,0,1,1,0,0,1,18.135
2025-06-29,30.2,23.9,26.8,0.7,99,62,20.6,14.8,3.91,17.82,1.57,6.300000000000001,0,0,80.5,37,0,1,0,0,0,1,21.245
2025-06-30,30.5,25.9,27.8,0.1,91,65,21.2,16.1,4.91,22.86,1.51,4.600000000000001,0,0,78.0,26,0,1,0,0,0,1,22.845
2025-07-01,30.4,24.6,27.4,1.8,93,63,23.6,16.9,4.83,22.4,1.61,5.799999999999997,0,0,78.0,30,0,1,0,0,0,1,22.885
2025-07-02,30.2,23.8,27.2,1.5,97,65,25.1,16.7,4.53,21.62,1.49,6.399999999999999,0,0,81.0,32,0,1,0,0,0,1,21.705
2025-07-03,30.2,25.3,27.2,1.4,94,70,24.1,16.4,4.17,20.55,1.28,4.899999999999999,0,0,82.0,24,0,1,0,0,0,1,21.28
2025-07-04,31.1,24.0,27.4,0.3,95,63,22.0,15.2,4.78,22.44,1.67,7.100000000000001,0,0,79.0,32,0,1,0,0,0,1,22.11
2025-07-05,31.2,25.3,27.9,0.2,94,61,24.0,17.0,4.85,22.24,1.77,5.899999999999999,0,0,77.5,33,0,1,0,0,0,1,23.285
2025-07-06,30.6,25.3,27.9,2.1,95,62,26.3,18.8,4.8,21.38,1.68,5.300000000000001,0,0,78.5,33,0,1,0,0,0,1,23.385
2025-07-07,31.5,25.2,28.2,0.9,90,60,24.2,17.8,5.23,22.36,1.86,6.300000000000001,0,0,75.0,30,0,1,0,0,0,1,24.48
2025-07-08,31.8,25.0,28.3,1.7,94,60,25.5,18.1,5.25,22.98,1.9,6.800000000000001,0,0,77.0,34,0,1,0,0,0,1,23.895
2025-07-09,31.7,25.2,28.2,0.5,95,61,21.5,15.7,5.04,22.91,1.81,6.5,0,0,78.0,34,0,1,0,0,0,1,22.905
2025-07-10,33.1,24.2,28.2,0.2,95,55,16.6,12.5,4.98,22.13,2.26,8.900000000000002,1,0,75.0,40,0,1,0,0,0,0,23.155
2025-07-11,32.8,25.0,28.4,0.3,96,55,22.8,15.5,5.45,22.93,2.21,7.799999999999997,0,0,75.5,41,0,1,0,0,0,1,23.81
2025-07-12,31.5,23.5,27.8,3.5,99,61,25.0,17.2,4.99,21.98,1.8,8.0,0,0,80.0,38,0,1,0,0,0,1,22.42
2025-07-13,31.5,24.4,27.9,1.6,94,60,26.1,18.1,5.03,21.94,1.85,7.100000000000001,0,0,77.0,34,0,1,0,0,0,1,23.735
2025-07-14,30.1,25.0,27.6,4.7,96,63,30.0,19.9,4.51,19.51,1.59,5.100000000000001,0,0,79.5,33,0,1,0,0,0,1,23.19
2025-07-15,31.2,25.5,28.0,1.4,91,59,27.6,18.9,5.11,21.33,1.89,5.699999999999999,0,0,75.0,32,0,1,0,0,0,1,24.675
2025-07-16,30.5,24.1,26.6,12.8,92,63,23.7,16.1,3.5,15.83,1.62,6.399999999999999,0,0,77.5,29,0,1,1,0,0,1,22.54
2025-07-17,30.9,25.6,27.7,0.6,87,61,27.0,19.1,4.68,18.79,1.74,5.299999999999997,0,0,74.0,26,0,1,0,0,0,1,24.955
2025-07-18,30.5,25.8,27.6,0.5,88,62,32.3,20.1,4.07,15.63,1.68,4.699999999999999,0,0,75.0,26,0,1,0,0,0,1,24.815
2025-07-19,31.5,25.5,27.5,1.1,89,55,33.1,23.2,4.73,18.49,2.08,6.0,0,0,72.0,34,0,1,0,0,0,1,26.6
2025-07-20,29.5,24.9,26.6,2.3,94,62,30.9,22.3,3.77,15.02,1.58,4.600000000000001,0,0,78.0,32,0,1,0,0,0,1,23.915
2025-07-21,30.1,23.2,26.0,8.3,98,62,27.5,18.9,3.5,16.75,1.62,6.900000000000002,0,0,80.0,36,0,1,1,0,0,1,22.125
2025-07-22,29.2,23.8,25.8,8.5,97,68,27.4,18.5,3.23,16.32,1.3,5.399999999999999,0,0,82.5,29,0,1,1,0,0,1,21.07
2025-07-23,29.5,23.9,25.9,12.2,96,66,27.2,19.9,3.62,17.6,1.34,5.600000000000001,0,0,81.0,30,0,1,1,0,0,1,21.985
2025-07-24,29.0,24.8,26.2,2.2,93,71,25.6,19.3,3.13,13.34,1.16,4.199999999999999,0,0,82.0,22,0,1,0,0,0,1,21.605
2025-07-25,30.2,23.3,26.1,5.0,98,64,28.1,19.2,3.87,18.17,1.56,6.899999999999999,0,0,81.0,34,0,1,0,0,0,1,21.89
2025-07-26,29.1,23.8,25.9,2.9,98,67,25.3,17.3,3.33,15.6,1.32,5.300000000000001,0,0,82.5,31,0,1,0,0,0,1,20.81
2025-07-27,30.3,23.2,26.7,0.1,97,63,23.6,15.4,4.78,22.57,1.59,7.100000000000001,0,0,80.0,34,0,1,0,0,0,1,21.53
2025-07-28,32.0,24.1,27.3,0.1,97,53,19.7,13.5,5.19,23.88,2.25,7.899999999999999,0,0,75.0,44,0,1,0,0,0,0,23.045
2025-07-29,32.8,24.2,27.7,0.0,94,49,17.9,12.8,5.45,24.39,2.52,8.599999999999998,0,0,71.5,45,0,1,0,0,1,0,24.255
2025-07-30,33.2,24.1,28.0,0.0,90,52,18.0,12.1,5.53,24.27,2.45,9.100000000000001,1,0,71.0,38,0,1,0,0,1,0,24.375
2025-07-31,31.8,25.0,27.7,1.6,93,58,18.4,13.5,4.74,21.23,1.95,6.800000000000001,0,0,75.5,35,0,1,0,0,0,0,23.03
2025-08-01,32.5,25.1,27.7,0.8,96,58,13.0,10.9,3.95,17.4,2.02,7.399999999999999,0,0,77.0,38,0,1,0,0,0,0,21.855
2025-08-02,32.0,24.5,27.3,3.6,98,59,17.0,13.2,4.33,19.4,1.87,7.5,0,0,78.5,39,0,1,0,0,0,0,21.745
2025-08-03,28.3,24.0,25.8,3.3,99,73,20.8,14.7,2.49,11.53,1.03,4.300000000000001,0,0,86.0,26,0,1,0,0,0,1,18.895
2025-08-04,30.8,24.3,26.7,3.2,94,61,21.2,16.0,4.28,19.41,1.72,6.5,0,0,77.5,33,0,1,0,0,0,1,22.555
2025-08-05,30.0,23.8,26.4,5.3,96,66,21.8,16.1,3.94,18.33,1.44,6.199999999999999,0,0,81.0,30,0,1,1,0,0,1,21.235
2025-08-06,32.2,24.1,27.5,0.1,93,52,17.8,14.4,5.29,23.24,2.32,8.100000000000001,0,0,72.5,41,0,1,0,0,0,0,24.225
2025-08-07,31.2,24.7,27.4,0.3,93,58,23.9,17.5,4.79,20.29,1.9,6.5,0,0,75.5,35,0,1,0,0,0,1,23.91
2025-08-08,31.1,24.6,27.4,1.8,93,58,24.8,17.5,4.84,20.51,1.9,6.5,0,0,75.5,35,0,1,0,0,0,1,23.91
2025-08-09,31.5,24.4,27.0,1.3,92,54,21.8,15.6,4.41,19.08,2.14,7.100000000000001,0,0,73.0,38,0,1,0,0,0,1,24.15
2025-08-10,31.2,23.9,27.1,0.9,94,56,24.2,16.9,4.86,20.68,2.01,7.300000000000001,0,0,75.0,38,0,1,0,0,0,1,23.815
2025-08-11,31.5,23.0,26.6,1.1,97,54,23.5,15.9,4.85,21.83,2.11,8.5,0,0,75.5,43,0,1,0,0,0,1,23.19
2025-08-12,30.4,23.5,26.4,3.7,98,57,26.2,18.0,4.27,18.77,1.87,6.899999999999999,0,0,77.5,41,0,1,0,0,0,1,22.935
2025-08-13,30.4,23.8,26.9,3.3,97,60,25.6,19.3,4.24,17.88,1.73,6.599999999999998,0,0,78.5,37,0,1,0,0,0,1,23.11
2025-08-14,31.1,23.4,26.6,5.2,97,56,24.4,16.6,4.75,21.98,2.0,7.700000000000003,0,0,76.5,41,0,1,1,0,0,1,23.015
2025-08-15,30.5,22.7,26.5,5.2,100,57,27.8,18.2,4.79,21.64,1.85,7.800000000000001,0,0,78.5,43,0,1,1,0,0,1,22.675
2025-08-16,30.8,24.0,27.4,1.3,91,57,28.2,21.5,4.86,18.87,1.89,6.800000000000001,0,0,74.0,34,0,1,0,0,0,1,25.435
2025-08-17,29.9,25.0,27.2,2.9,92,61,26.9,20.2,4.11,16.61,1.62,4.899999999999999,0,0,76.5,31,0,1,0,0,0,1,24.155
2025-08-18,31.0,23.9,27.0,5.2,98,60,24.7,17.9,4.88,22.66,1.78,7.100000000000001,0,0,79.0,38,0,1,1,0,0,1,22.625
2025-08-19,32.0,24.9,27.8,0.0,92,50,23.9,17.4,5.74,24.54,2.39,7.100000000000001,0,0,71.0,42,0,1,0,0,1,1,25.62
2025-08-20,33.1,24.2,27.9,0.0,94,50,19.6,12.9,5.58,24.76,2.5,8.900000000000002,1,0,72.0,44,0,1,0,0,1,0,24.185
2025-08-21,33.8,24.0,28.1,0.0,96,46,15.7,12.6,5.73,24.73,2.86,9.799999999999997,1,0,71.0,50,0,1,0,0,1,0,24.54
2025-08-22,32.4,24.1,27.8,0.5,97,54,19.3,14.0,4.88,20.53,2.23,8.299999999999997,0,0,75.5,43,0,1,0,0,0,0,23.195
2025-08-23,30.6,24.5,27.1,6.1,94,62,24.1,16.4,4.51,20.71,1.65,6.100000000000001,0,0,78.0,32,0,1,1,0,0,1,22.64
2025-08-24,32.8,24.1,28.0,0.0,97,48,21.3,15.1,5.73,24.69,2.59,8.699999999999996,0,0,72.5,49,0,1,0,0,1,1,24.6
2025-08-25,35.0,24.5,28.5,0.2,96,45,20.1,13.2,5.52,23.08,3.11,10.5,1,0,70.5,51,0,1,0,0,0,1,25.025
2025-08-26,32.2,24.6,27.8,2.0,91,50,26.3,17.8,5.32,21.72,2.41,7.600000000000001,0,0,70.5,41,0,1,0,0,0,1,25.895
2025-08-27,31.6,23.2,27.2,4.5,96,54,27.6,19.3,4.93,20.6,2.09,8.400000000000002,0,0,75.0,42,0,1,0,0,0,1,24.455
2025-08-28,31.0,23.2,26.9,7.2,98,60,28.2,19.8,4.91,22.37,1.79,7.800000000000001,0,0,79.0,38,0,1,1,0,0,1,23.06
2025-08-29,31.5,23.8,27.2,4.4,97,58,27.5,18.7,5.02,22.85,1.94,7.699999999999999,0,0,77.5,39,0,1,0,0,0,1,23.43
2025-08-30,30.4,23.9,26.7,6.2,99,64,26.4,18.3,4.26,20.12,1.57,6.5,0,0,81.5,35,0,1,1,0,0,1,21.73
2025-08-31,30.2,25.2,27.5,3.2,93,63,26.5,18.8,4.6,19.42,1.57,5.0,0,0,78.0,30,0,1,0,0,0,1,23.4
2025-09-01,31.4,24.2,27.2,6.7,97,61,26.0,19.0,4.74,21.28,1.8,7.199999999999999,0,0,79.0,36,0,1,1,0,0,1,22.98
2025-09-02,32.1,25.2,28.0,0.0,92,55,25.6,17.8,5.65,24.37,2.13,6.900000000000002,0,0,73.5,37,0,1,0,0,1,1,24.925
2025-09-03,31.9,24.1,27.8,1.2,92,51,30.2,20.1,5.72,23.76,2.29,7.799999999999997,0,0,71.5,41,0,1,0,0,0,1,26.12
2025-09-04,31.5,23.1,27.1,2.7,98,55,26.2,17.3,5.31,23.2,2.07,8.399999999999999,0,0,76.5,43,0,1,0,0,0,1,23.39
2025-09-05,32.5,24.4,27.9,0.2,90,52,23.6,16.5,5.64,24.07,2.35,8.100000000000001,0,0,71.0,38,0,1,0,0,0,1,25.435
2025-09-06,31.6,24.5,27.7,3.8,95,56,22.3,16.1,4.98,21.85,2.07,7.100000000000001,0,0,75.5,39,0,1,0,0,0,1,23.68
2025-09-07,32.8,25.1,28.3,0.0,89,52,19.1,14.5,5.5,23.11,2.4,7.699999999999996,0,0,70.5,37,0,1,0,0,1,0,25.27
2025-09-08,34.8,24.4,27.8,29.6,98,49,15.7,9.6,4.66,21.0,2.83,10.399999999999999,1,0,73.5,49,0,1,1,1,0,0,22.795
2025-09-09,32.1,24.0,27.1,4.7,98,61,18.1,12.5,4.49,21.16,1.85,8.100000000000001,0,0,79.5,37,0,1,0,0,0,0,21.14
2025-09-10,31.9,24.2,27.4,1.1,96,56,22.0,14.2,4.82,21.69,2.08,7.699999999999999,0,0,76.0,40,0,1,0,0,0,1,22.91
2025-09-11,32.2,24.0,27.5,2.3,96,53,22.2,14.8,5.17,23.54,2.27,8.200000000000003,0,0,74.5,43,0,1,0,0,0,1,23.625
2025-09-12,31.8,24.6,27.8,1.9,96,55,18.0,14.4,5.22,22.87,2.12,7.199999999999999,0,0,75.5,41,0,1,0,0,0,0,23.295
2025-09-13,33.2,24.5,28.2,0.3,94,48,24.0,16.8,5.84,24.33,2.62,8.700000000000003,1,0,71.0,46,0,1,0,0,0,1,25.63
2025-09-14,32.5,24.5,27.9,1.4,93,51,22.7,15.2,4.98,20.19,2.36,8.0,0,0,72.0,42,0,1,0,0,0,1,24.76
2025-09-15,32.1,25.4,27.9,2.8,89,54,24.6,16.5,4.77,19.07,2.19,6.700000000000003,0,0,71.5,35,0,1,0,0,0,1,25.26
2025-09-16,31.5,23.6,26.9,7.0,97,60,20.7,14.9,4.33,19.74,1.84,7.899999999999999,0,0,78.5,37,0,1,1,0,0,1,22.01
2025-09-17,29.6,23.9,25.8,13.5,96,68,20.6,15.2,3.6,18.63,1.33,5.700000000000003,0,0,82.0,28,0,1,1,0,0,1,20.42
2025-09-18,28.4,23.1,25.6,8.9,99,74,21.3,15.9,3.11,15.66,0.99,5.299999999999997,0,0,86.5,25,0,1,1,0,0,1,18.94
2025-09-19,29.0,23.3,25.8,8.3,99,71,20.8,15.0,3.14,15.18,1.16,5.699999999999999,0,0,85.0,28,0,1,1,0,0,1,19.32
2025-09-20,31.0,23.9,27.0,2.2,96,62,22.4,16.2,4.89,23.13,1.71,7.100000000000001,0,0,79.0,34,0,1,0,0,0,1,22.2
2025-09-21,30.7,23.0,26.2,4.2,99,64,23.0,17.0,4.41,21.61,1.6,7.699999999999999,0,0,81.5,35,0,1,0,0,0,1,21.205
2025-09-22,30.4,22.6,26.4,3.9,98,65,24.1,17.5,4.41,21.04,1.53,7.799999999999997,0,0,81.5,33,0,1,0,0,0,1,21.41
2025-09-23,31.9,23.0,27.4,0.3,96,52,26.5,18.4,5.52,23.54,2.25,8.899999999999999,0,0,74.0,44,0,1,0,0,0,1,24.66
2025-09-24,29.8,23.3,25.7,13.6,98,69,23.8,16.7,3.45,17.87,1.3,6.5,0,0,83.5,29,0,1,1,0,0,1,20.23
2025-09-25,29.2,23.1,25.3,16.3,99,74,24.7,16.8,3.49,19.06,1.06,6.099999999999998,0,0,86.5,25,0,1,1,0,0,1,19.045
2025-09-26,28.7,23.0,24.8,26.4,99,70,26.4,16.8,2.87,16.41,1.13,5.699999999999999,0,0,84.5,29,0,1,1,1,0,1,19.545
2025-09-27,30.0,23.6,26.4,3.0,98,66,24.6,17.2,3.8,17.47,1.44,6.399999999999999,0,0,82.0,32,0,1,0,0,0,1,21.16
2025-09-28,30.5,23.5,26.9,1.6,96,64,25.0,18.1,4.57,21.4,1.56,7.0,0,0,80.0,32,0,1,0,0,0,1,22.285
2025-09-29,30.0,24.4,27.1,2.9,94,65,24.0,16.7,4.54,21.74,1.48,5.600000000000001,0,0,79.5,29,0,1,0,0,0,1,22.19
2025-09-30,31.1,25.4,27.8,0.2,90,62,21.6,17.0,5.12,22.99,1.73,5.700000000000003,0,0,76.0,28,0,1,0,0,0,1,23.77
2025-10-01,31.4,25.1,27.9,0.5,92,59,22.2,16.0,5.28,23.84,1.87,6.299999999999997,0,0,75.5,33,0,1,0,0,0,1,23.735
2025-10-02,31.9,24.4,27.8,0.3,96,55,19.6,13.5,5.32,23.99,2.14,7.5,0,0,75.5,41,0,1,0,0,0,0,23.07
2025-10-03,32.3,24.7,27.9,0.5,93,56,15.9,11.7,5.01,22.56,2.08,7.599999999999998,0,0,74.5,37,0,1,0,0,0,0,23.01
2025-10-04,31.0,23.4,26.2,8.8,97,65,15.0,9.5,3.41,16.76,1.58,7.600000000000001,0,0,81.0,32,0,1,1,0,0,0,19.505
2025-10-05,30.4,22.5,25.8,3.0,99,67,13.9,9.1,3.45,16.51,1.42,7.899999999999999,0,0,83.0,32,0,1,0,0,0,0,18.545
2025-10-06,32.1,23.9,27.2,1.2,95,59,13.1,10.2,4.63,21.66,1.96,8.200000000000003,0,0,77.0,36,0,1,0,0,0,0,21.48
2025-10-07,32.3,23.8,27.4,1.5,94,59,17.1,11.3,4.59,21.39,1.99,8.499999999999996,0,0,76.5,35,0,1,0,0,0,0,22.01
2025-10-08,31.6,24.8,27.3,1.3,91,58,15.5,10.2,4.01,17.82,1.94,6.800000000000001,0,0,74.5,33,0,1,0,0,0,0,22.395
2025-10-09,33.3,24.6,28.2,0.0,85,45,17.2,11.0,5.63,23.59,2.82,8.699999999999996,1,0,65.0,40,0,0,0,0,1,0,26.28
2025-10-10,33.1,24.0,28.0,0.2,87,45,18.0,13.1,5.71,23.28,2.79,9.100000000000001,1,0,66.0,42,0,1,0,0,0,0,26.375
2025-10-11,32.8,24.1,27.5,1.3,91,53,18.7,12.2,4.95,21.62,2.34,8.699999999999996,0,0,72.0,38,0,1,0,0,0,0,23.85
2025-10-12,35.5,23.4,28.0,6.5,98,38,16.9,7.3,5.24,22.87,3.58,12.100000000000001,1,0,68.0,60,1,1,1,0,0,0,24.225
2025-10-13,34.0,23.5,26.7,9.6,99,50,14.9,6.9,4.08,19.11,2.67,10.5,1,0,74.5,49,0,1,1,0,0,0,21.33
2025-10-14,34.2,23.2,26.6,9.4,99,50,12.7,5.3,4.57,21.89,2.68,11.000000000000004,1,0,74.5,49,0,1,1,0,0,0,20.89
2025-10-15,31.1,23.0,25.6,23.9,99,65,10.5,5.5,3.4,16.96,1.57,8.100000000000001,0,0,82.0,34,0,1,1,1,0,0,17.915
2025-10-16,31.1,23.1,25.6,20.2,99,67,11.8,5.6,3.56,17.68,1.51,8.0,0,0,83.0,32,0,1,1,1,0,0,17.59
2025-10-17,30.8,23.9,25.8,20.7,99,68,12.9,6.7,3.42,17.32,1.39,6.900000000000002,0,0,83.5,31,0,1,1,1,0,0,17.77
2025-10-18,30.4,23.4,25.4,44.7,99,72,10.1,4.3,3.23,16.17,1.2,7.0,0,0,85.5,27,0,1,1,1,0,0,16.31
2025-10-19,30.4,23.0,25.0,23.5,99,72,18.3,4.8,3.11,15.79,1.2,7.399999999999999,0,0,85.5,27,0,1,1,1,0,0,16.275
2025-10-20,26.8,22.8,24.4,32.7,100,89,11.6,3.9,1.46,7.23,0.38,4.0,0,0,94.5,11,0,1,1,1,0,0,12.66
2025-10-21,27.3,23.1,24.6,38.6,99,79,15.2,10.6,2.14,10.91,0.76,4.199999999999999,0,0,89.0,20,0,1,1,1,0,0,16.34
2025-10-22,27.4,23.1,24.9,5.2,98,80,19.2,14.5,2.33,12.24,0.73,4.299999999999997,0,0,89.0,18,0,1,1,0,0,0,17.435
2025-10-23,27.0,23.0,24.7,17.4,99,90,16.4,10.9,1.77,9.31,0.35,4.0,0,0,94.5,9,0,1,1,0,0,0,14.53
2025-10-24,26.9,22.9,24.3,6.8,99,86,18.2,10.6,1.7,9.05,0.48,4.0,0,0,92.5,13,0,1,1,0,0,0,14.995
2025-10-25,28.5,23.0,25.3,2.2,99,76,15.4,10.2,2.52,12.97,0.93,5.5,0,0,87.5,23,0,1,0,0,0,0,17.045
2025-10-26,29.8,23.5,26.3,0.1,96,69,16.2,10.5,3.77,18.46,1.27,6.300000000000001,0,0,82.5,27,0,1,0,0,0,0,19.27
2025-10-27,29.5,24.0,26.7,1.2,96,69,23.4,15.2,3.96,18.87,1.27,5.5,0,0,82.5,27,0,1,0,0,0,1,20.605
2025-10-28,28.8,23.6,25.8,13.8,99,76,21.1,15.1,3.06,16.06,0.91,5.199999999999999,0,0,87.5,23,0,1,1,0,0,1,18.47
2025-10-29,30.4,24.0,26.7,1.1,95,67,18.9,12.9,4.42,22.07,1.44,6.399999999999999,0,0,81.0,28,0,1,0,0,0,0,20.555
2025-10-30,31.1,23.5,26.7,0.1,96,60,14.2,9.5,4.76,23.53,1.8,7.600000000000001,0,0,78.0,36,0,1,0,0,0,0,20.755
2025-10-31,31.6,23.4,26.9,0.1,97,59,9.6,6.0,4.7,22.83,1.9,8.200000000000003,0,0,78.0,38,0,1,0,0,0,0,19.96
2025-11-01,31.8,23.4,26.9,0.0,97,58,11.4,6.8,4.69,22.75,1.96,8.400000000000002,0,0,77.5,39,0,1,0,0,1,0,20.335
2025-11-02,30.5,24.0,26.6,0.7,98,67,17.2,10.2,4.36,21.9,1.45,6.5,0,0,82.5,31,0,1,0,0,0,0,19.315
2025-11-03,30.5,23.3,26.5,0.4,96,66,17.5,11.0,4.46,22.11,1.46,7.199999999999999,0,0,81.0,30,0,1,0,0,0,0,20.0
2025-11-04,30.3,23.7,26.5,0.9,96,66,19.8,12.1,4.27,20.94,1.44,6.600000000000001,0,0,81.0,30,0,1,0,0,0,0,20.275
2025-11-05,29.5,23.9,26.2,1.7,96,69,16.2,11.7,3.91,19.48,1.28,5.600000000000001,0,0,82.5,27,0,1,0,0,0,0,19.53
2025-11-06,29.2,22.7,25.2,8.5,97,72,14.7,10.0,3.39,17.68,1.1,6.5,0,0,84.5,25,0,1,1,0,0,0,18.005
2025-11-07,29.8,23.1,25.8,3.0,98,69,14.3,7.7,3.64,18.53,1.31,6.699999999999999,0,0,83.5,29,0,1,0,0,0,0,18.02
2025-11-08,30.4,22.9,25.3,9.6,99,69,10.7,5.5,3.46,17.42,1.35,7.5,0,0,84.0,30,0,1,1,0,0,0,17.095
2025-11-09,30.4,22.3,25.6,2.9,100,60,14.9,4.9,4.11,20.92,1.72,8.099999999999998,0,0,80.0,40,0,1,0,0,0,0,18.465
2025-11-10,28.7,22.7,25.1,11.3,100,74,11.7,4.4,3.35,17.59,1.01,6.0,0,0,87.0,26,0,1,1,0,0,0,15.69
2025-11-11,30.5,22.6,25.5,12.9,100,68,8.5,5.5,3.98,20.33,1.39,7.899999999999999,0,0,84.0,32,0,1,1,0,0,0,17.175
2025-11-12,30.0,23.0,25.1,10.7,100,73,17.9,5.2,3.03,15.82,1.13,7.0,0,0,86.5,27,0,1,1,0,0,0,16.065
2025-11-13,29.8,23.1,25.2,12.7,98,72,17.4,13.4,3.83,20.75,1.16,6.699999999999999,0,0,85.0,26,0,1,1,0,0,0,18.68
2025-11-14,30.5,23.1,26.3,0.0,96,59,19.9,13.2,4.54,21.5,1.77,7.399999999999999,0,0,77.5,37,0,1,0,0,1,0,21.695
2025-11-15,29.8,23.0,25.6,1.5,98,62,19.0,11.6,3.71,18.06,1.59,6.800000000000001,0,0,80.0,36,0,1,0,0,0,0,20.14
2025-11-16,29.5,23.4,25.3,7.2,99,72,17.5,11.4,3.15,16.52,1.15,6.100000000000001,0,0,85.5,27,0,1,1,0,0,0,18.045
2025-11-17,27.0,22.8,24.3,23.1,98,87,16.4,9.9,1.71,9.05,0.45,4.199999999999999,0,0,92.5,11,0,1,1,1,0,0,14.82
2025-11-18,29.6,22.8,24.8,27.8,100,73,15.5,8.1,3.0,15.52,1.13,6.800000000000001,0,0,86.5,27,0,1,1,1,0,0,16.67
2025-11-19,30.6,22.4,25.9,0.4,100,61,11.4,7.5,4.16,20.53,1.7,8.200000000000003,0,0,80.5,39,0,1,0,0,0,0,19.06
2025-11-20,29.1,23.2,25.2,10.0,99,77,16.2,9.7,3.06,16.13,0.91,5.900000000000002,0,0,88.0,22,0,1,1,0,0,0,16.705
2025-11-21,30.5,23.6,25.7,7.9,99,70,15.0,8.9,3.65,19.05,1.33,6.899999999999999,0,0,84.5,29,0,1,1,0,0,0,17.93
2025-11-22,28.8,23.4,25.0,32.1,99,79,9.8,5.4,2.31,11.5,0.84,5.400000000000002,0,0,89.0,20,0,1,1,1,0,0,15.2
2025-11-23,29.9,23.3,25.0,45.1,100,69,15.7,8.2,2.88,14.93,1.31,6.599999999999998,0,0,84.5,31,0,1,1,1,0,0,17.475
2025-11-24,26.2,23.0,23.9,29.9,100,90,21.6,12.6,1.03,5.27,0.35,3.1999999999999993,0,0,95.0,10,0,1,1,1,0,1,14.46
2025-11-25,25.3,22.8,23.9,19.0,98,93,19.6,13.8,1.23,6.53,0.24,2.5,0,0,95.5,5,0,1,1,0,0,0,14.585
2025-11-26,25.2,22.6,23.7,27.2,98,89,25.9,21.0,1.2,6.53,0.34,2.599999999999998,0,0,93.5,9,0,1,1,1,0,1,17.005
2025-11-27,24.0,22.8,23.2,148.1,97,95,35.6,25.8,0.69,2.83,0.14,1.1999999999999993,0,0,96.0,2,0,1,1,1,0,1,17.13
2025-11-28,23.1,22.3,22.9,159.7,97,95,39.9,30.6,0.71,2.89,0.15,0.8000000000000007,0,0,96.0,2,0,1,1,1,0,1,18.21
2025-11-29,25.0,21.0,23.1,34.4,96,80,28.1,16.1,1.5,8.19,0.64,4.0,0,0,88.0,16,0,1,1,1,0,1,17.465
2025-11-30,29.2,20.2,24.5,0.0,96,65,15.8,9.3,4.12,21.16,1.42,9.0,0,0,80.5,31,0,1,0,0,1,0,18.95
2025-12-01,29.6,21.0,24.7,0.2,98,66,12.8,7.2,3.95,20.06,1.42,8.600000000000001,0,0,82.0,32,0,1,0,0,0,0,17.98
2025-12-02,29.5,21.4,25.2,1.1,98,67,12.9,7.0,3.87,19.48,1.37,8.100000000000001,0,0,82.5,31,0,1,0,0,0,0,17.955
2025-12-03,29.7,22.4,25.6,1.5,97,64,10.3,6.6,3.95,19.95,1.51,7.300000000000001,0,0,80.5,33,0,1,0,0,0,0,18.715
2025-12-04,30.0,23.0,25.6,2.4,98,65,13.7,8.6,3.67,18.26,1.49,7.0,0,0,81.5,33,0,1,0,0,0,0,18.865
2025-12-05,29.6,23.0,25.2,4.1,96,70,20.0,13.6,3.47,18.26,1.25,6.600000000000001,0,0,83.0,26,0,1,0,0,0,0,19.43
2025-12-06,30.0,22.3,25.3,9.4,97,67,14.0,9.2,3.47,17.42,1.42,7.699999999999999,0,0,82.0,30,0,1,1,0,0,0,18.72
2025-12-07,29.9,23.0,25.6,2.4,97,67,16.9,13.0,3.69,18.82,1.36,6.899999999999999,0,0,82.0,30,0,1,0,0,0,0,19.79
2025-12-08,30.1,22.9,26.1,0.0,97,63,18.3,13.3,4.38,21.1,1.59,7.200000000000003,0,0,80.0,34,0,1,0,0,1,0,20.765
2025-12-09,28.3,22.2,24.6,7.5,98,80,15.2,11.4,2.62,13.91,0.77,6.100000000000001,0,0,89.0,18,0,1,1,0,0,0,16.54
2025-12-10,28.1,22.6,24.5,12.5,98,71,18.7,14.2,2.39,12.39,1.1,5.5,0,0,84.5,27,0,1,1,0,0,0,18.775
2025-12-11,28.4,22.6,24.2,19.5,97,78,20.1,14.0,2.59,14.25,0.84,5.799999999999997,0,0,87.5,19,0,1,1,0,0,1,17.555
2025-12-12,29.1,22.6,24.6,8.5,98,75,15.6,12.8,3.11,16.66,0.99,6.5,0,0,86.5,23,0,1,1,0,0,0,17.765
2025-12-13,27.9,22.4,24.4,18.5,98,76,19.0,14.6,3.01,16.47,0.87,5.5,0,0,87.0,22,0,1,1,0,0,0,17.96
2025-12-14,28.0,22.3,24.7,2.3,97,77,20.2,14.9,3.2,17.01,0.87,5.699999999999999,0,0,87.0,20,0,1,0,0,0,1,18.155
2025-12-15,28.5,21.3,24.6,0.5,96,69,20.6,14.6,3.64,18.9,1.2,7.199999999999999,0,0,82.5,27,0,1,0,0,0,1,19.615
2025-12-16,30.1,23.2,25.6,8.2,95,66,18.8,12.6,3.2,15.88,1.46,6.900000000000002,0,0,80.5,29,0,1,1,0,0,0,20.215
2025-12-17,28.5,23.4,25.3,10.2,98,77,22.9,16.5,2.97,15.79,0.91,5.100000000000001,0,0,87.5,21,0,1,1,0,0,1,18.62
2025-12-18,27.7,23.2,24.9,8.7,96,83,24.2,17.4,2.73,15.25,0.58,4.5,0,0,89.5,13,0,1,1,0,0,1,17.985
2025-12-19,28.5,23.0,25.3,1.3,93,71,21.1,15.8,3.68,18.75,1.13,5.5,0,0,82.0,22,0,1,0,0,0,1,20.37
2025-12-20,28.4,21.5,24.7,1.4,94,68,17.5,12.7,3.66,17.91,1.25,6.899999999999999,0,0,81.0,26,0,1,0,0,0,0,19.705
2025-12-21,28.5,21.6,24.9,0.1,90,69,20.9,15.2,3.92,18.39,1.2,6.899999999999999,0,0,79.5,21,0,1,0,0,0,1,20.935
2025-12-22,28.6,22.1,25.0,0.2,91,65,21.8,16.0,4.15,19.67,1.35,6.5,0,0,78.0,26,0,1,0,0,0,1,21.7
2025-12-23,29.4,21.0,24.9,0.7,95,68,19.3,13.8,3.66,18.16,1.31,8.399999999999999,0,0,81.5,27,0,1,0,0,0,0,19.885
2025-12-24,28.0,22.6,24.7,1.0,96,77,19.4,13.4,3.43,18.08,0.85,5.399999999999999,0,0,86.5,19,0,1,0,0,0,0,17.955
2025-12-25,29.1,22.0,24.9,0.2,96,61,19.4,13.0,4.01,19.92,1.56,7.100000000000001,0,0,78.5,35,0,1,0,0,0,0,20.735
2025-12-26,29.8,21.2,25.2,0.0,98,56,15.2,11.4,4.55,22.05,1.82,8.600000000000001,0,0,77.0,42,0,1,0,0,1,0,20.98
2025-12-27,29.1,22.0,25.1,0.6,92,69,19.1,13.8,4.11,20.59,1.18,7.100000000000001,0,0,80.5,23,0,1,0,0,0,0,20.315
2025-12-28,29.3,21.9,25.2,0.3,95,70,19.9,13.6,4.01,20.35,1.24,7.400000000000002,0,0,82.5,25,0,1,0,0,0,0,19.605
2025-12-29,28.8,22.9,25.6,0.2,95,71,18.6,14.6,3.96,20.12,1.12,5.900000000000002,0,0,83.0,24,0,1,0,0,0,0,19.84
2025-12-30,28.8,22.8,25.5,1.1,96,75,16.3,11.6,3.61,18.57,0.97,6.0,0,0,85.5,21,0,1,0,0,0,0,18.175
2025-12-31,29.0,22.9,25.0,16.6,100,70,14.2,8.7,3.26,16.64,1.18,6.100000000000001,0,0,85.0,30,0,1,1,0,0,0,17.425
2026-01-01,28.9,22.6,24.6,10.1,100,76,15.4,6.6,3.01,15.93,0.94,6.299999999999997,0,0,88.0,24,0,1,1,0,0,0,15.69
2026-01-02,28.1,23.2,25.1,0.8,98,69,12.4,10.2,2.48,12.01,1.17,4.900000000000002,0,0,83.5,29,0,1,0,0,0,0,18.365
2026-01-03,29.5,23.0,25.6,0.2,96,59,23.0,14.8,4.32,20.76,1.7,6.5,0,0,77.5,37,0,1,0,0,0,1,21.815
2026-01-04,28.6,22.0,25.0,0.1,96,62,21.7,16.3,4.1,19.7,1.48,6.600000000000001,0,0,79.0,34,0,1,0,0,0,1,21.425
2026-01-05,28.0,22.0,24.5,13.7,95,71,21.6,14.0,3.27,17.69,1.08,6.0,0,0,83.0,24,0,1,1,0,0,1,19.25
2026-01-06,26.1,22.5,24.2,6.8,97,81,20.2,14.9,2.05,10.14,0.66,3.6000000000000014,0,0,89.0,16,0,1,1,0,0,1,17.255
2026-01-07,28.0,22.2,24.7,0.2,88,65,23.1,18.0,3.97,17.78,1.31,5.800000000000001,0,0,76.5,23,0,1,0,0,0,1,22.605
2026-01-08,26.4,21.3,23.6,1.1,89,74,23.6,14.7,2.38,9.92,0.9,5.099999999999998,0,0,81.5,15,0,1,0,0,0,1,19.59
2026-01-09,27.1,21.1,23.9,5.4,93,75,22.1,13.1,2.89,15.12,0.91,6.0,0,0,84.0,18,0,1,1,0,0,1,18.435
2026-01-10,26.5,22.4,24.1,1.2,96,82,17.4,11.1,1.98,9.91,0.61,4.100000000000001,0,0,89.0,14,0,1,0,0,0,0,16.265
2026-01-11,30.6,21.9,25.0,5.2,98,64,8.5,5.1,3.96,19.85,1.56,8.700000000000003,0,0,81.0,34,0,1,1,0,0,0,17.925
2026-01-12,27.9,22.5,24.5,9.8,98,78,16.4,11.5,2.19,11.62,0.8,5.399999999999999,0,0,88.0,20,0,1,1,0,0,0,16.875
2026-01-13,29.3,22.6,25.1,1.4,97,69,15.7,13.0,3.81,19.97,1.27,6.699999999999999,0,0,83.0,28,0,1,0,0,0,0,19.24
2026-01-14,29.4,23.1,25.6,0.2,98,69,17.3,13.8,4.14,20.73,1.25,6.299999999999997,0,0,83.5,29,0,1,0,0,0,0,19.465
2026-01-15,29.5,22.2,25.2,0.0,94,61,19.6,15.1,4.64,22.75,1.62,7.300000000000001,0,0,77.5,33,0,1,0,0,1,0,21.73
2026-01-16,28.8,21.8,24.8,0.0,96,59,22.9,15.6,4.55,21.68,1.63,7.0,0,0,77.5,37,0,1,0,0,1,1,21.695
2026-01-17,28.8,20.1,24.0,0.0,93,54,17.1,12.7,4.45,21.44,1.77,8.7,0,0,73.5,39,0,1,0,0,1,0,22.05
2026-01-18,28.6,19.4,23.8,0.0,92,57,12.5,9.2,4.34,21.94,1.66,9.200000000000003,0,0,74.5,35,0,1,0,0,1,0,20.745
2026-01-19,28.8,19.6,23.8,0.0,94,58,12.5,9.2,4.51,22.72,1.66,9.2,0,0,76.0,36,0,1,0,0,1,0,20.22
2026-01-20,28.5,19.0,23.7,0.0,94,57,16.7,12.0,4.63,22.79,1.65,9.5,0,0,75.5,37,0,1,0,0,1,0,21.055
2026-01-21,29.0,18.5,23.6,0.0,93,51,19.4,11.8,4.66,22.77,1.94,10.5,0,0,72.0,42,0,1,0,0,1,0,22.19
2026-01-22,29.2,19.1,24.1,0.0,95,55,14.6,10.9,4.47,22.11,1.84,10.099999999999998,0,0,75.0,40,0,1,0,0,1,0,21.115
2026-01-23,30.0,20.4,24.6,0.6,96,51,17.8,10.4,4.23,20.57,2.06,9.600000000000001,0,0,73.5,45,0,1,0,0,0,0,21.715
2026-01-24,28.5,20.5,24.1,8.3,99,71,14.9,7.4,3.35,17.72,1.07,8.0,0,0,85.0,28,0,1,1,0,0,0,16.74
2026-01-25,29.6,22.6,25.8,1.4,99,65,15.7,8.4,4.2,20.3,1.46,7.0,0,0,82.0,34,0,1,0,0,0,0,18.72
2026-01-26,30.6,23.6,26.5,0.2,89,56,22.0,16.1,4.94,22.09,1.91,7.0,0,0,72.5,33,0,1,0,0,0,1,24.25
2026-01-27,30.1,22.6,25.8,0.0,95,56,20.8,16.3,4.91,21.73,1.86,7.5,0,0,75.5,39,0,1,0,0,1,1,22.97
2026-01-28,29.6,21.0,24.9,0.0,91,52,24.7,15.2,4.97,22.95,2.0,8.600000000000001,0,0,71.5,39,0,1,0,0,1,1,23.735
2026-01-29,30.0,19.6,24.9,0.0,95,49,16.8,12.5,4.95,23.05,2.18,10.399999999999999,0,0,72.0,46,0,1,0,0,1,0,22.885
2026-01-30,29.5,21.2,24.9,1.7,95,63,17.0,12.0,3.88,18.58,1.55,8.3,0,0,79.0,32,0,1,0,0,0,0,20.31
2026-01-31,28.9,22.8,25.1,3.6,96,70,20.3,14.3,3.54,18.13,1.17,6.099999999999998,0,0,83.0,26,0,1,0,0,0,1,19.565
2026-02-01,30.0,23.2,25.5,2.8,97,69,18.5,13.3,3.77,19.48,1.31,6.800000000000001,0,0,83.0,28,0,1,0,0,0,0,19.475
2026-02-02,29.7,23.6,25.8,1.6,98,68,21.4,17.3,4.03,20.01,1.34,6.099999999999998,0,0,83.0,30,0,1,0,0,0,1,20.595
2026-02-03,30.0,22.8,25.9,0.1,96,59,19.3,15.0,4.37,20.2,1.75,7.199999999999999,0,0,77.5,37,0,1,0,0,0,0,21.985
2026-02-04,29.8,22.9,25.9,2.1,91,61,22.8,17.3,4.44,20.86,1.6,6.900000000000002,0,0,76.0,30,0,1,0,0,0,1,23.085
2026-02-05,30.2,22.9,25.8,0.8,94,60,19.7,13.9,4.24,19.82,1.74,7.300000000000001,0,0,77.0,34,0,1,0,0,0,0,21.845
2026-02-06,29.1,23.0,25.0,20.3,96,65,23.9,16.7,3.09,14.67,1.4,6.100000000000001,0,0,80.5,31,0,1,1,1,0,1,21.0
2026-02-07,30.0,23.0,25.9,0.9,96,64,19.6,15.3,4.35,20.34,1.54,7.0,0,0,80.0,32,0,1,0,0,0,0,21.185
2026-02-08,30.0,22.6,25.7,0.0,89,53,24.4,17.9,5.07,21.57,2.01,7.399999999999999,0,0,71.0,36,0,1,0,0,1,1,24.905
2026-02-09,29.5,20.5,24.8,0.0,95,52,22.5,15.7,5.19,23.78,1.98,9.0,0,0,73.5,43,0,1,0,0,1,1,23.12
2026-02-10,29.6,20.1,24.4,0.0,94,48,20.8,14.5,5.28,23.78,2.15,9.5,0,0,71.0,46,0,1,0,0,1,1,23.535
2026-02-11,30.4,20.0,25.2,0.0,91,46,21.8,15.2,5.13,21.1,2.33,10.399999999999999,0,0,68.5,45,0,1,0,0,1,1,24.905
2026-02-12,30.3,21.1,25.0,1.2,95,58,20.4,14.5,3.88,17.95,1.83,9.2,0,0,76.5,37,0,1,0,0,0,1,21.85
2026-02-13,31.0,23.1,26.3,0.5,96,58,24.3,16.8,4.54,19.89,1.9,7.899999999999999,0,0,77.0,38,0,1,0,0,0,1,22.77
2026-02-14,30.0,23.5,25.4,11.5,95,63,22.1,14.9,3.44,17.1,1.57,6.5,0,0,79.0,32,0,1,1,0,0,1,21.235
2026-02-15,29.2,22.8,25.5,0.0,92,60,20.7,14.4,3.37,13.34,1.64,6.399999999999999,0,0,76.0,32,0,1,0,0,1,1,22.2
2026-02-16,30.6,21.7,25.8,0.0,96,54,22.4,15.6,5.14,23.16,2.01,8.900000000000002,0,0,75.0,42,0,1,0,0,1,1,22.97
2026-02-17,28.3,21.7,24.7,0.4,93,63,18.1,12.3,2.71,11.14,1.41,6.600000000000001,0,0,78.0,30,0,1,0,0,0,0,20.655
2026-02-18,25.4,23.1,24.1,6.2,97,86,18.6,14.9,1.47,7.5,0.44,2.299999999999997,0,0,91.5,11,0,1,1,0,0,0,16.34
2026-02-19,30.7,23.1,26.1,0.5,97,61,22.2,16.8,4.43,20.37,1.72,7.599999999999998,0,0,79.0,36,0,1,0,0,0,1,21.99
2026-02-20,30.4,23.5,26.0,2.6,94,67,20.1,15.7,3.68,17.15,1.42,6.899999999999999,0,0,80.5,27,0,1,0,0,0,1,21.15
2026-02-21,29.9,23.3,24.9,27.0,99,67,13.7,8.2,2.45,12.69,1.38,6.599999999999998,0,0,83.0,32,0,1,1,1,0,0,17.96
2026-02-22,29.1,22.9,25.2,22.1,100,73,17.3,7.0,2.57,12.85,1.09,6.200000000000003,0,0,86.5,27,0,1,1,1,0,0,16.555
2026-02-23,30.4,22.4,26.0,1.6,100,64,14.3,6.7,4.15,20.48,1.55,8.0,0,0,82.0,36,0,1,0,0,0,0,18.375
2026-02-24,31.3,23.0,26.6,0.0,98,52,11.8,9.2,4.99,23.73,2.18,8.3,0,0,75.0,46,0,1,0,0,1,0,21.69
2026-02-25,31.5,22.0,26.5,0.0,97,51,10.8,7.6,5.16,24.54,2.26,9.5,0,0,74.0,46,0,1,0,0,1,0,21.6
2026-02-26,31.9,22.7,26.9,0.0,100,48,11.1,5.7,5.07,23.76,2.45,9.2,0,0,74.0,52,0,1,0,0,1,0,21.285
2026-02-27,32.8,21.6,26.8,0.0,97,41,11.1,6.0,5.18,23.7,2.92,11.199999999999996,0,0,69.0,56,0,1,0,0,1,0,23.07
2026-02-28,33.5,22.1,27.1,0.0,98,30,15.3,6.0,5.43,24.12,3.61,11.399999999999999,1,0,64.0,68,1,1,0,0,1,0,24.94
2026-03-01,32.8,21.8,26.7,0.0,100,31,16.5,7.6,5.92,25.56,3.41,10.999999999999996,0,0,65.5,69,1,1,0,0,1,0,24.655
2026-03-02,33.3,19.0,25.9,0.0,96,28,15.4,8.2,6.13,26.56,3.7,14.299999999999997,1,0,62.0,68,1,1,0,0,1,0,25.71
2026-03-03,33.3,18.3,25.5,0.3,90,34,17.0,6.7,5.29,23.88,3.4,14.999999999999996,1,0,62.0,56,1,1,0,0,0,0,25.175
2026-03-04,32.7,21.6,26.5,2.1,94,46,15.7,6.1,4.52,20.38,2.67,11.100000000000001,0,0,70.0,48,0,1,0,0,0,0,22.625
2026-03-05,34.2,22.5,27.6,0.3,100,40,15.0,6.9,5.42,23.68,3.21,11.700000000000003,1,0,70.0,60,0,1,0,0,0,0,23.265
2026-03-06,35.0,23.3,28.0,0.2,96,30,17.5,6.8,5.78,25.99,3.91,11.7,1,0,63.0,66,1,1,0,0,0,0,25.85
2026-03-07,36.2,23.2,28.7,0.0,97,22,12.3,6.7,6.11,26.43,4.65,13.000000000000004,1,1,59.5,75,1,1,0,0,1,0,27.33
2026-03-08,35.8,22.4,28.7,0.0,97,23,19.9,9.2,6.77,26.62,4.52,13.399999999999999,1,0,60.0,74,1,1,0,0,1,0,27.78
2026-03-09,35.2,22.6,28.4,0.0,97,23,23.7,14.1,7.33,25.51,4.3,12.600000000000001,1,0,60.0,74,1,1,0,0,1,1,28.885
2026-03-10,35.8,20.5,27.9,0.3,92,22,19.6,8.9,6.24,26.36,4.59,15.299999999999997,1,0,57.0,70,1,1,0,0,0,0,28.435
2026-03-11,34.2,23.9,28.5,0.7,90,42,20.9,14.0,6.04,22.7,3.1,10.300000000000004,1,0,66.0,48,0,1,0,0,0,1,26.8
2026-03-12,35.2,23.9,28.4,2.6,89,36,18.0,8.9,5.45,22.26,3.66,11.300000000000004,1,0,62.5,53,1,1,0,0,0,0,26.71
2026-03-13,36.1,23.3,27.1,8.1,97,34,16.9,6.5,4.82,22.11,3.92,12.8,1,1,65.5,63,1,1,1,0,0,0,24.54
2026-03-14,33.4,22.5,27.7,0.2,99,43,11.7,5.9,4.04,17.35,2.9,10.899999999999999,1,0,71.0,56,0,1,0,0,0,0,22.705
2026-03-15,35.5,23.2,28.7,0.4,94,34,11.9,7.1,5.59,23.53,3.8,12.3,1,0,64.0,60,1,1,0,0,0,0,25.855
2026-03-16,36.5,23.6,28.5,1.7,97,29,19.4,7.2,5.73,24.84,4.34,12.899999999999999,1,1,63.0,68,1,1,0,0,0,0,26.15
2026-03-17,35.4,23.0,27.4,3.1,98,38,19.5,7.0,5.04,22.74,3.55,12.399999999999999,1,0,68.0,60,1,1,0,0,0,0,23.91
2026-03-18,35.8,23.1,26.9,13.2,99,36,16.5,6.1,4.79,22.49,3.75,12.699999999999996,1,0,67.5,63,1,1,1,0,0,0,23.66
2026-03-19,32.1,23.2,26.4,3.0,100,53,15.0,5.7,4.71,22.71,2.24,8.900000000000002,0,0,76.5,47,0,1,0,0,0,0,20.21
2026-03-20,34.0,22.7,27.4,0.7,99,47,11.4,5.0,5.14,23.66,2.79,11.3,1,0,73.0,52,0,1,0,0,0,0,21.66
2026-03-21,35.2,23.3,27.9,1.9,99,41,15.8,6.1,5.23,23.81,3.33,11.900000000000002,1,0,70.0,58,0,1,0,0,0,0,23.185
2026-03-22,37.8,23.1,28.4,0.0,100,22,19.3,5.7,5.61,24.72,5.08,14.699999999999996,1,1,61.0,78,1,1,0,0,1,0,26.435
2026-03-23,37.8,23.5,29.6,0.0,98,24,19.9,8.7,6.57,26.21,4.99,14.299999999999997,1,1,61.0,74,1,1,0,0,1,0,27.665
2026-03-24,36.9,23.9,29.9,0.0,95,25,17.0,10.4,6.97,26.45,4.66,13.0,1,1,60.0,70,1,1,0,0,1,0,28.56
2026-03-25,37.8,24.1,30.1,0.0,92,19,18.7,10.7,7.04,27.14,5.25,13.699999999999996,1,1,55.5,73,1,1,0,0,1,0,30.29
2026-03-26,37.2,24.2,29.9,0.0,93,30,17.2,12.6,6.69,25.93,4.45,13.000000000000004,1,1,61.5,63,1,1,0,0,1,0,28.585
2026-03-27,37.5,24.5,29.6,0.0,87,29,21.9,8.5,6.24,26.22,4.59,13.0,1,1,58.0,58,1,1,0,0,1,1,28.665
2026-03-28,35.0,24.0,28.8,0.9,92,37,18.7,8.3,5.78,24.52,3.51,11.0,1,0,64.5,55,1,1,0,0,0,0,26.02
2026-03-29,36.2,24.4,29.4,0.8,92,34,20.4,7.1,5.53,23.1,3.95,11.800000000000004,1,1,63.0,58,1,1,0,0,0,1,26.485
2026-03-30,36.5,24.1,29.1,0.5,96,30,18.6,7.0,5.6,24.39,4.29,12.399999999999999,1,1,63.0,66,1,1,0,0,0,0,26.34
2026-03-31,36.8,24.0,29.2,1.6,96,28,18.3,7.5,5.99,25.57,4.47,12.799999999999997,1,1,62.0,68,1,1,0,0,0,0,26.855
2026-04-01,37.2,23.6,28.8,0.0,100,28,18.0,6.3,6.0,25.75,4.54,13.600000000000001,1,1,64.0,72,1,1,0,0,1,0,25.695
2026-04-02,34.8,24.4,27.4,20.6,99,47,16.6,4.9,3.86,17.85,2.93,10.399999999999999,1,0,73.0,52,0,1,1,1,0,0,21.635
2026-04-03,34.5,24.0,27.0,13.0,99,50,13.5,5.0,4.24,19.83,2.74,10.5,1,0,74.5,49,0,1,1,0,0,0,20.975
2026-04-04,33.0,24.0,27.7,1.0,99,56,13.5,7.0,4.65,21.2,2.15,9.0,0,0,77.5,43,0,1,0,0,0,0,20.705
2026-04-05,33.2,24.9,28.7,0.0,93,51,16.7,10.9,5.61,24.4,2.48,8.300000000000004,1,0,72.0,42,0,1,0,0,1,0,24.005
2026-04-06,32.7,25.6,27.8,2.0,91,61,18.5,12.5,4.65,22.02,1.93,7.100000000000001,0,0,76.0,30,0,1,0,0,0,0,22.645
2026-04-07,33.1,25.2,28.8,0.1,93,54,16.8,11.5,5.34,23.86,2.32,7.900000000000002,1,0,73.5,39,0,1,0,0,0,0,23.67
2026-04-08,33.7,25.6,29.0,0.8,91,57,16.4,9.5,5.24,22.98,2.26,8.100000000000001,1,0,74.0,34,0,1,0,0,0,0,23.075
2026-04-09,33.4,24.8,28.5,1.5,93,56,14.2,9.1,4.92,21.92,2.25,8.599999999999998,1,0,74.5,37,0,1,0,0,0,0,22.6
2026-04-10,35.9,24.5,28.8,0.9,94,34,17.4,7.2,5.62,25.26,3.89,11.399999999999999,1,0,64.0,60,1,1,0,0,0,0,25.92
2026-04-11,34.8,24.5,28.7,0.2,96,43,14.5,5.0,5.19,23.21,3.17,10.299999999999997,1,0,69.5,53,0,1,0,0,0,0,23.405
2026-04-12,34.9,24.1,27.5,12.4,98,49,17.4,6.3,4.42,20.99,2.87,10.799999999999997,1,0,73.5,49,0,1,1,0,0,0,21.85
2026-04-13,33.7,24.2,27.2,14.9,99,53,12.4,4.8,4.02,19.16,2.44,9.500000000000004,1,0,76.0,46,0,1,1,0,0,0,20.48
2026-04-14,33.1,24.5,27.5,3.0,99,58,9.5,5.8,4.66,22.04,2.04,8.600000000000001,1,0,78.5,41,0,1,0,0,0,0,19.975
2026-04-15,33.3,23.9,27.6,4.5,99,60,11.2,6.1,4.58,21.79,2.03,9.399999999999999,1,0,79.5,39,0,1,0,0,0,0,19.74
2026-04-16,33.3,24.0,27.9,0.8,99,58,13.9,6.3,4.85,22.37,2.15,9.299999999999997,1,0,78.5,41,0,1,0,0,0,0,20.26
2026-04-17,36.8,24.1,29.3,0.3,97,31,17.9,5.9,5.78,25.56,4.26,12.699999999999996,1,1,64.0,66,1,1,0,0,0,0,25.795
2026-04-18,35.8,25.0,29.3,0.3,99,37,18.2,6.5,5.54,24.13,3.67,10.799999999999997,1,0,68.0,62,1,1,0,0,0,0,24.545
2026-04-19,36.3,24.8,29.4,3.6,99,36,14.4,7.0,5.54,23.83,3.86,11.499999999999996,1,1,67.5,63,1,1,0,0,0,0,24.885
